,Date,Team Name,Opponent,Result,G,Goals,Assists,Points,Shots,SOG,Man-Up G,GB,TO,CT,FO Won,FOs Taken,Pen,Goals Allowed,Saves,W,L,Clear Pct,Opp_Goals,Opp_Assists,Opp_Points,Opp_Shots,Opp_SOG,Opp_Man-Up G,Opp_GB,Opp_TO,Opp_CT,Opp_FO Won,Opp_FOs Taken,Opp_Pen,Opp_Saves,Opp_Clear Pct,Year,Home,Away,Location,OT,Distance Traveled
0,02092019,air force, denver,4-11,1,4,3,7,25,14,0,22,16,8,4,19,6,11,17,0,1,0.792,11,8,19,49,28,0,31,15,7,15,19,3,10,0.739,2019,1.0,0.0,Air Force,0.0,
1,02162019,air force,marist,12-6,1,12,7,19,43,21,0,25,19,6,11,22,6,6,6,0,1,1.0,6,5,11,22,12,0,20,24,3,11,22,4,9,0.647,2019,1.0,0.0,Air Force,0.0,
2,02232019,air force, marist,11-8,1,11,7,18,37,22,0,33,20,8,16,22,6,8,6,1,0,0.696,8,4,12,25,14,1,23,20,8,6,22,2,11,0.750,2019,0.0,1.0,Marist,0.0,0.0
3,02242019,air force,utah,5-6,1,5,4,9,41,19,1,37,23,9,9,14,3,6,5,0,1,0.8,6,3,9,19,11,2,23,28,7,5,14,3,14,0.783,2019,1.0,0.0,Air Force,0.0,
4,03022019,air force, canisius,13-7,1,13,5,18,40,22,1,39,18,13,14,23,5,7,8,0,1,0.882,7,3,10,25,15,2,24,22,6,9,23,3,9,0.714,2019,1.0,0.0,Air Force,0.0,
5,03062019,air force, michigan,19-9,1,19,13,32,49,29,2,39,22,8,18,31,7,9,7,0,1,0.842,9,7,16,28,16,3,24,21,7,13,31,2,10,0.688,2019,0.0,1.0,Michigan,0.0,0.0
6,03162019,air force, detroit mercy,20-8,1,20,14,34,40,29,2,39,14,10,19,32,2,8,9,1,0,0.913,8,5,13,41,17,1,35,21,4,13,32,5,9,0.800,2019,0.0,1.0,Detroit Mercy,0.0,0.0
7,03232019,air force, furman,11-7,1,11,6,17,37,22,0,36,21,10,16,21,2,7,9,1,0,0.84,7,4,11,31,16,0,24,20,9,5,21,0,11,0.769,2019,1.0,0.0,Air Force,0.0,
8,03262019,air force, yale,6-13,1,6,5,11,25,17,2,19,15,8,3,23,10,13,19,0,1,0.625,13,7,20,52,32,4,36,18,7,20,23,2,11,0.950,2019,1.0,0.0,Air Force,0.0,
9,03302019,air force, cornell,14-7,1,14,5,19,45,28,2,43,15,10,21,24,3,7,8,0,1,0.727,7,4,11,31,15,1,23,21,8,3,24,4,14,0.789,2019,0.0,1.0,Cornell,0.0,0.0
10,04062019,air force, bellarmine,9-13,1,9,5,14,45,21,2,28,16,14,14,25,4,13,5,1,0,0.889,13,11,24,24,18,1,29,19,10,11,25,7,12,0.900,2019,0.0,1.0,Bellarmine,0.0,0.0
11,04132019,air force, jacksonville,14-7,1,14,8,22,45,31,1,43,15,12,18,23,7,7,6,0,1,0.8,7,4,11,26,13,2,16,14,6,5,23,5,17,0.857,2019,0.0,1.0,Jacksonville,0.0,0.0
12,04202019,air force, vmi,12-5,1,12,9,21,39,22,5,37,21,10,16,20,9,5,11,1,0,0.88,5,1,6,37,16,1,28,21,6,4,20,7,10,0.826,2019,1.0,0.0,Air Force,0.0,
13,04272019,air force,bellarmine,13-6,1,13,6,19,58,25,1,36,17,7,18,23,0,6,6,0,1,0.917,6,6,12,21,12,0,20,18,5,5,23,1,12,0.765,2019,1.0,0.0,Air Force,0.0,
14,05022019,air force, richmond,6-7,1,6,3,9,35,18,0,33,18,6,14,17,0,7,6,0,1,0.778,7,6,13,22,13,0,19,13,8,3,17,2,12,0.913,2019,0.0,1.0,Richmond,0.0,0.0
15,02092019,army west point, massachusetts,12-11 ,1,12,8,20,27,17,1,22,14,10,4,25,3,11,17,1,0,0.778,11,8,19,50,28,1,40,16,12,21,25,2,5,0.882,2019,1.0,0.0,Army West Point,0.0,
16,02162019,army west point, rutgers,10-9,1,10,5,15,40,27,0,32,11,7,10,23,1,9,13,1,0,1.0,9,4,13,40,22,0,37,20,6,13,23,2,17,0.857,2019,1.0,0.0,Army West Point,0.0,
17,02192019,army west point,marist,10-4,1,10,5,15,46,26,0,42,19,14,4,18,7,4,10,1,0,0.962,4,3,7,27,14,0,42,25,9,14,18,1,16,0.679,2019,1.0,0.0,Army West Point,0.0,
18,02242019,army west point, syracuse,10-11 ,1,8,5,13,38,24,0,26,16,4,4,21,3,10,18,0,1,0.8,10,1,11,37,28,0,41,13,12,17,21,2,16,0.889,2019,0.0,1.0,Syracuse,1.0,0.0
19,03022019,army west point, lafayette,12-5,1,12,10,22,47,25,1,48,21,11,19,21,6,5,8,1,0,0.818,5,3,8,30,13,1,33,19,8,2,21,2,13,0.818,2019,0.0,1.0,Lafayette,0.0,0.0
20,03092019,army west point, lehigh,8-11,1,8,4,12,35,18,1,29,21,6,5,23,2,11,15,0,1,0.783,11,4,15,38,26,0,45,18,12,18,23,2,10,0.833,2019,1.0,0.0,Army West Point,0.0,
21,03122019,army west point, binghamton,15-6,1,15,10,25,45,27,0,32,18,7,11,25,0,6,9,1,0,0.826,6,2,8,25,15,0,27,24,8,14,25,2,12,0.667,2019,1.0,0.0,Army West Point,0.0,
22,03162019,army west point, colgate,7-6,1,7,2,9,29,21,0,28,17,10,3,17,2,6,19,0,1,0.84,6,2,8,43,25,0,33,17,10,14,17,1,14,0.609,2019,0.0,1.0,Colgate,0.0,0.0
23,03232019,army west point,colgate,13-8,1,13,10,23,40,19,2,33,13,10,10,24,6,8,8,0,1,0.783,8,4,12,29,16,3,32,20,4,14,24,4,6,0.571,2019,1.0,0.0,Army West Point,0.0,
24,03302019,army west point, boston u,15-13,1,15,9,24,38,28,0,37,19,13,11,31,4,13,10,0,1,0.76,13,8,21,40,23,3,40,18,12,20,31,1,13,0.882,2019,0.0,1.0,Boston U,0.0,0.0
25,04062019,army west point,boston u,13-15,1,13,8,21,50,22,0,34,14,14,10,32,2,15,7,0,1,0.833,15,10,25,37,22,2,37,20,9,22,32,1,9,0.905,2019,1.0,0.0,Army West Point,0.0,
26,04132019,army west point, loyola maryland,9-8 ,1,9,5,14,48,27,1,29,17,7,6,20,4,8,9,1,0,0.739,8,3,11,35,17,1,28,22,9,14,20,4,18,0.857,2019,0.0,1.0,Loyola Maryland,0.0,0.0
27,04202019,army west point, notre dame,9-13,1,9,7,16,44,21,1,27,11,9,8,26,6,13,10,0,1,1.0,13,8,21,45,23,1,33,17,6,18,26,3,12,0.714,2019,0.0,1.0,Notre Dame,0.0,0.0
28,04262019,army west point, njit,19-6,1,19,12,31,52,32,1,34,15,4,18,29,4,6,13,0,1,0.9,6,3,9,37,19,2,25,19,3,11,29,1,13,0.833,2019,1.0,0.0,Army West Point,0.0,
29,04302019,army west point, michigan,14-5,1,14,11,25,26,19,0,20,14,7,3,23,6,5,14,0,1,0.909,5,2,7,39,19,1,36,17,10,20,23,5,5,0.867,2019,0.0,1.0,Michigan,0.0,0.0
30,05032019,army west point, loyola maryland,7-5,1,7,3,10,41,21,1,26,14,5,5,16,4,5,13,1,0,0.88,5,4,9,41,18,2,29,14,7,11,16,2,14,0.952,2019,1.0,0.0,Army West Point,0.0,
31,05052019,army west point,manhattan,11-7,1,11,8,19,43,25,1,26,10,8,4,22,3,7,12,0,1,0.826,7,6,13,38,19,1,37,16,7,18,22,5,14,0.950,2019,0.0,1.0,Chester PA,0.0,0.0
32,05112019,army west point,detroit mercy,8-13,1,8,3,11,32,17,0,27,12,9,3,25,1,13,6,0,1,0.92,13,6,19,35,19,0,35,23,4,22,25,1,9,0.889,2019,0.0,1.0,Pontiac Mich,0.0,0.0
33,02022019,bellarmine,marquette,6-7 ,1,6,3,9,43,22,0,31,19,11,12,17,2,7,13,0,1,0.885,7,3,10,33,20,0,21,19,11,5,17,0,16,0.828,2019,0.0,1.0,Pontiac Mich,0.0,0.0
34,02092019,bellarmine, high point,9-15,1,9,6,15,31,17,2,16,16,5,9,28,2,15,11,0,1,0.944,15,10,25,47,26,1,35,13,11,19,28,4,8,0.789,2019,0.0,1.0,High Point,0.0,0.0
35,02162019,bellarmine, jacksonville,8-17,1,8,4,12,25,13,2,22,20,8,3,28,5,17,18,0,1,0.7,17,13,30,46,35,3,39,23,9,25,28,4,5,0.923,2019,0.0,1.0,Jacksonville,0.0,0.0
36,02232019,bellarmine, robert morris,7-15,1,7,5,12,32,13,1,31,28,6,12,26,4,15,21,0,1,0.789,15,9,24,64,36,1,32,15,19,14,26,2,6,0.688,2019,1.0,0.0,Bellarmine,0.0,
37,03022019,bellarmine, richmond,14-15,1,14,9,23,34,23,0,21,20,7,6,33,1,15,20,0,1,0.844,15,9,24,51,35,0,45,16,9,27,33,0,9,0.870,2019,0.0,1.0,Richmond,0.0,0.0
38,03092019,bellarmine, utah,9-10,1,9,2,11,38,21,0,31,12,7,12,23,4,10,12,1,0,0.842,10,8,18,35,22,1,20,19,2,11,23,1,12,0.789,2019,1.0,0.0,Bellarmine,0.0,
39,03162019,bellarmine, vmi,8-11,1,8,5,13,40,19,2,30,23,11,15,22,9,11,11,1,0,0.737,11,6,17,34,22,2,26,17,12,7,22,6,11,1.000,2019,0.0,1.0,VMI,0.0,0.0
40,03232019,bellarmine,richmond,9-16,1,9,7,16,39,19,0,22,12,9,11,29,2,16,10,0,1,0.947,16,8,24,40,26,0,35,14,5,18,29,3,10,0.895,2019,1.0,0.0,Bellarmine,0.0,
41,03302019,bellarmine, syracuse,16-13,1,16,13,29,44,31,1,25,13,5,16,33,4,13,13,0,1,0.905,13,7,20,46,26,1,28,15,5,17,33,7,15,0.944,2019,0.0,1.0,Syracuse,0.0,0.0
42,04062019,bellarmine, colgate,13-12,1,13,8,21,43,25,1,34,19,5,15,29,1,12,13,0,1,0.84,12,5,17,43,25,1,32,17,12,14,29,1,12,0.857,2019,0.0,1.0,Colgate,0.0,0.0
43,04132019,bellarmine, furman,15-12,1,15,9,24,46,25,1,35,17,3,16,31,5,12,12,0,1,0.905,12,6,18,38,24,2,34,14,10,15,31,2,10,0.810,2019,1.0,0.0,Bellarmine,0.0,
44,04202019,bellarmine, marist,15-16,1,15,5,20,44,29,0,24,15,8,16,35,2,16,13,0,1,0.8,16,9,25,56,29,0,30,13,7,19,35,2,14,0.944,2019,0.0,1.0,Marist,0.0,0.0
45,04272019,bellarmine, hobart,6-13,1,6,6,12,21,12,0,20,18,5,5,23,1,13,12,0,1,0.765,13,6,19,58,25,1,36,17,7,18,23,0,6,0.917,2019,0.0,1.0,Hobart,0.0,0.0
46,02162019,binghamton, cornell,10-16,1,10,8,18,35,20,0,23,17,9,10,28,7,16,15,0,1,0.889,16,8,24,43,31,2,27,17,5,18,28,2,10,0.722,2019,0.0,1.0,Cornell,0.0,0.0
47,02232019,binghamton, lafayette,8-7 ,1,12,7,19,37,24,0,29,21,10,13,28,5,13,11,1,0,0.722,13,10,23,35,24,0,35,19,10,15,28,3,12,0.625,2019,1.0,0.0,Binghamton,1.0,
48,03022019,binghamton,hobart,7-16,1,7,3,10,39,22,1,32,16,11,7,27,7,16,23,0,1,0.774,16,11,27,66,39,3,37,18,8,20,27,2,15,0.926,2019,1.0,0.0,Binghamton,0.0,
49,03092019,binghamton, vermont,6-10,1,6,3,9,29,19,1,21,21,15,6,20,2,10,14,0,1,0.778,10,5,15,41,24,1,27,24,8,14,20,3,13,0.905,2019,0.0,1.0,Vermont,0.0,0.0
50,03122019,binghamton,army west point,6-15,1,6,2,8,25,15,0,27,24,8,14,25,2,15,12,1,0,0.667,15,10,25,45,27,0,32,18,7,11,25,0,9,0.826,2019,1.0,0.0,Binghamton,0.0,
51,03162019,binghamton, lafayette,7-11,1,7,5,12,44,22,1,30,21,14,8,21,3,11,9,1,0,0.7,11,9,20,37,20,1,35,27,10,13,21,7,15,0.708,2019,0.0,1.0,Lafayette,0.0,0.0
52,03232019,binghamton, hartford,7-12,1,7,5,12,38,24,0,22,12,4,8,22,3,12,13,1,0,0.933,12,8,20,34,25,1,20,17,1,14,22,1,17,0.941,2019,0.0,1.0,Hartford,0.0,0.0
53,03292019,binghamton, stony brook,6-13,1,6,2,8,28,19,1,19,14,3,10,21,4,13,13,0,1,0.895,13,3,16,38,26,1,31,12,6,11,21,5,13,1.000,2019,1.0,0.0,Binghamton,0.0,
54,04062019,binghamton, ualbany,6-13,1,6,4,10,24,19,0,18,17,3,10,22,3,13,10,0,1,0.792,13,5,18,34,23,1,28,21,6,12,22,1,13,1.000,2019,0.0,1.0,UAlbany,0.0,0.0
55,04132019,binghamton,vermont,6-14,1,6,3,9,34,19,1,21,17,13,9,23,3,14,6,0,1,0.882,14,12,26,33,20,3,34,22,10,14,23,7,13,0.750,2019,1.0,0.0,Binghamton,0.0,
56,04162019,binghamton, sacred heart,12-11 ,1,9,6,15,23,17,2,27,28,8,13,28,3,17,21,1,0,0.8,17,7,24,54,38,1,46,16,16,15,28,7,8,0.958,2019,1.0,0.0,Binghamton,1.0,
57,04202019,binghamton, ohio st,15-12,1,15,11,26,59,30,1,31,13,8,17,31,4,12,19,0,1,0.87,12,10,22,43,31,3,34,14,3,14,31,3,15,0.762,2019,0.0,1.0,Ohio St,0.0,0.0
58,04262019,binghamton, umass lowell,9-7,1,9,6,15,31,18,0,34,21,14,8,20,6,7,10,1,0,0.762,7,3,10,43,17,1,30,25,9,12,20,5,9,0.733,2019,1.0,0.0,Binghamton,0.0,
59,02032019,boston u, providence,8-7,1,8,3,11,38,18,0,28,23,10,11,19,2,7,24,0,1,0.633,7,3,10,48,31,0,27,12,10,8,19,2,10,0.900,2019,1.0,0.0,Boston U,0.0,
60,02092019,boston u, bryant,8-7 ,1,10,9,19,52,21,2,25,11,10,11,30,4,17,5,1,0,0.842,17,6,23,33,22,1,41,17,5,19,30,6,11,0.941,2019,0.0,1.0,Bryant,1.0,0.0
61,02162019,boston u, air force,15-8,1,15,10,25,46,26,2,38,18,10,16,26,3,8,4,1,0,0.938,8,6,14,26,12,1,39,24,10,10,26,4,11,0.688,2019,0.0,1.0,Air Force,0.0,0.0
62,02192019,boston u, sacred heart,16-11,1,16,12,28,42,27,1,41,24,5,22,29,3,11,15,0,1,0.696,11,4,15,42,26,1,35,16,11,7,29,4,11,0.786,2019,1.0,0.0,Boston U,0.0,
63,02262019,boston u, bucknell,14-9,1,14,11,25,40,24,2,43,24,17,15,25,4,9,10,0,1,0.818,9,4,13,29,19,1,30,27,10,10,25,4,10,0.593,2019,0.0,1.0,Bucknell,0.0,0.0
64,03022019,boston u, harvard,18-19 ,1,12,8,20,53,28,4,43,17,17,13,20,6,4,14,0,1,0.864,4,3,7,30,18,1,33,26,8,7,20,7,16,0.704,2019,0.0,1.0,Harvard,1.0,0.0
65,03092019,boston u, lafayette,7-9,1,7,7,14,32,15,2,26,18,7,7,20,2,9,13,1,0,0.905,9,5,14,42,22,0,28,18,7,13,20,5,8,0.762,2019,0.0,1.0,Lafayette,0.0,0.0
66,03162019,boston u,bucknell,13-9,1,13,7,20,46,25,0,38,15,13,19,26,7,9,11,0,1,0.75,9,7,16,36,20,0,28,20,8,7,26,0,12,0.739,2019,1.0,0.0,Boston U,0.0,
67,03192019,boston u,harvard,11-12 ,1,11,7,18,52,30,2,37,22,18,10,29,6,12,12,0,1,0.818,12,7,19,40,24,3,50,32,7,19,29,4,19,0.704,2019,1.0,0.0,Boston U,0.0,
68,03232019,boston u, loyola maryland,17-9,1,17,12,29,41,24,2,41,18,8,24,29,4,9,8,0,1,0.848,9,4,13,28,17,1,22,14,7,5,29,3,7,0.818,2019,0.0,1.0,Loyola Maryland,0.0,0.0
69,03302019,boston u, holy cross,8-10,1,8,5,13,43,21,1,38,16,17,8,22,9,10,11,1,0,0.947,10,5,15,38,21,3,38,21,9,14,22,2,13,0.909,2019,0.0,1.0,Holy Cross,0.0,0.0
70,04062019,boston u, bucknell,15-13,1,15,10,25,37,22,2,37,20,9,22,32,1,13,9,1,0,0.905,13,8,21,50,22,0,34,14,14,10,32,2,7,0.833,2019,0.0,1.0,Bucknell,0.0,0.0
71,04132019,boston u, loyola maryland,18-11,1,18,14,32,63,35,0,55,20,14,20,33,4,11,14,0,1,0.864,11,7,18,42,25,1,33,16,10,13,33,7,17,0.800,2019,0.0,1.0,Loyola Maryland,0.0,0.0
72,04202019,boston u, duke,15-11,1,15,11,26,39,25,2,34,19,13,11,29,5,11,20,0,1,0.714,11,7,18,47,31,1,43,21,14,18,29,5,10,0.714,2019,0.0,1.0,Duke,0.0,0.0
73,04262019,boston u, quinnipiac,11-12 ,1,12,7,19,52,30,0,43,20,10,14,29,1,13,14,0,1,0.759,13,13,26,46,27,0,36,18,7,15,29,3,18,0.630,2019,0.0,1.0,Quinnipiac,1.0,0.0
74,04302019,boston u, stony brook,14-8,1,14,8,22,45,31,0,53,24,13,15,26,5,8,15,1,0,0.792,8,3,11,46,23,2,43,26,11,11,26,2,17,0.618,2019,0.0,1.0,Stony Brook,0.0,0.0
75,05032019,boston u,lehigh,9-10,1,9,4,13,44,20,1,27,15,8,7,22,3,10,10,0,1,0.737,10,6,16,37,20,1,37,19,8,15,22,3,11,0.760,2019,1.0,0.0,Boston U,0.0,
76,02162019,brown, villanova,20-7,1,20,10,30,60,37,3,50,17,15,12,29,7,7,9,1,0,0.815,7,4,11,33,16,1,32,30,6,17,29,6,17,0.519,2019,0.0,1.0,Villanova,0.0,0.0
77,02232019,brown, harvard,11-13,1,11,7,18,38,23,3,23,21,5,14,26,6,13,7,0,1,0.692,13,9,22,29,20,3,22,27,4,12,26,10,12,0.632,2019,0.0,1.0,Harvard,0.0,0.0
78,03022019,brown, holy cross,14-13 ,1,14,6,20,37,27,1,39,20,6,21,31,3,13,9,1,0,0.9,13,9,22,35,22,1,30,15,6,10,31,3,13,0.846,2019,0.0,1.0,Holy Cross,0.0,0.0
79,03102019,brown, virginia,13-14 ,1,13,8,21,46,32,0,45,22,9,13,29,4,14,15,0,1,0.652,14,12,26,43,29,2,59,23,16,16,29,5,19,0.818,2019,1.0,0.0,Brown,0.0,
80,03162019,brown,harvard,16-14,1,16,8,24,53,35,3,41,21,2,23,34,4,14,14,1,0,0.667,14,5,19,43,28,2,41,19,9,11,34,4,19,0.750,2019,1.0,0.0,Brown,0.0,
81,03192019,brown, penn,10-11 ,1,10,7,17,35,15,3,26,25,4,9,26,3,11,14,0,1,0.833,11,9,20,56,25,1,36,18,9,17,26,4,5,0.750,2019,0.0,1.0,Penn,0.0,0.0
82,03232019,brown, massachusetts,7-14,1,7,2,9,36,24,1,30,20,6,11,23,2,14,5,0,1,0.778,14,8,22,37,19,1,30,22,10,12,23,8,17,0.778,2019,1.0,0.0,Brown,0.0,
83,03252019,brown,villanova,11-12 ,1,9,6,15,42,21,2,26,11,5,10,21,3,10,17,0,1,0.917,10,7,17,43,27,0,28,13,3,11,21,5,12,0.808,2019,1.0,0.0,Brown,1.0,
84,03302019,brown, cornell,14-10,1,14,8,22,38,25,1,33,24,10,16,27,3,10,16,0,1,0.839,10,8,18,43,26,0,22,16,15,11,27,4,11,0.933,2019,0.0,1.0,Cornell,0.0,0.0
85,04062019,brown,penn,9-16,1,9,5,14,39,24,2,30,10,7,13,29,7,16,14,0,1,0.889,16,11,27,61,30,2,32,14,1,16,29,3,15,0.824,2019,1.0,0.0,Brown,0.0,
86,04132019,brown, yale,12-17,1,12,7,19,32,19,1,21,17,8,7,30,2,17,15,1,0,0.786,17,13,30,52,32,1,38,15,12,23,30,4,7,0.900,2019,1.0,0.0,Brown,0.0,
87,04162019,brown,cornell,9-7,1,9,9,18,34,18,1,34,19,8,8,18,5,7,17,0,1,0.962,7,5,12,46,24,2,34,19,11,10,18,4,9,0.917,2019,0.0,1.0,New York NY,0.0,0.0
88,04202019,brown,cornell,9-12,1,9,8,17,49,21,1,30,22,5,12,24,1,12,10,1,0,0.762,12,7,19,36,22,0,25,18,4,12,24,2,12,0.812,2019,1.0,0.0,Brown,0.0,
89,04232019,brown, bryant,17-7,1,17,13,30,46,29,0,43,16,11,15,28,3,7,6,0,1,0.875,7,4,11,22,13,1,23,22,6,13,28,1,12,0.619,2019,1.0,0.0,Brown,0.0,
90,04272019,brown, providence,11-7,1,11,7,18,36,24,1,46,26,7,20,22,6,7,7,0,1,0.704,7,4,11,31,14,2,26,13,13,2,22,4,13,0.826,2019,0.0,1.0,Providence,0.0,0.0
91,05032019,brown, hartford,12-13,1,12,4,16,56,28,0,30,8,7,14,29,3,13,10,1,0,1.0,13,7,20,35,23,1,29,17,6,15,29,3,16,0.870,2019,0.0,1.0,Hartford,0.0,0.0
92,02102019,bryant, bucknell,7-8 ,1,6,2,8,27,19,1,32,27,4,6,19,3,9,16,0,1,0.769,9,6,15,45,25,0,35,15,12,13,19,4,13,0.909,2019,1.0,0.0,Bryant,1.0,
93,02162019,bryant,providence,11-8,1,11,6,17,30,17,2,32,21,7,15,23,2,8,15,0,1,0.944,8,6,14,37,23,0,26,11,3,8,23,5,6,0.778,2019,1.0,0.0,Bryant,0.0,
94,02232019,bryant,dartmouth,6-5,1,6,3,9,38,21,0,32,16,8,8,15,3,5,14,0,1,0.75,5,3,8,31,19,0,27,19,8,7,15,4,15,0.696,2019,1.0,0.0,Bryant,0.0,
95,02262019,bryant, boston u,9-14,1,9,4,13,29,19,1,30,27,10,10,25,4,14,10,1,0,0.593,14,11,25,40,24,2,43,24,17,15,25,4,10,0.818,2019,1.0,0.0,Bryant,0.0,
96,03022019,bryant, sacred heart,8-9,1,8,3,11,30,16,0,35,22,7,12,21,6,9,15,1,0,0.75,9,7,16,31,24,2,30,15,7,9,21,2,8,0.950,2019,0.0,1.0,Sacred Heart,0.0,0.0
97,03092019,bryant, robert morris,8-9,1,8,4,12,38,24,0,30,11,7,16,20,3,9,15,1,0,0.824,9,6,15,38,24,1,23,12,8,4,20,5,16,0.900,2019,0.0,1.0,Robert Morris,0.0,0.0
98,03122019,bryant,fairfield,11-12 ,1,11,6,17,35,19,1,32,17,3,20,27,0,12,14,0,1,0.875,12,11,23,42,26,0,28,11,12,7,27,2,8,0.864,2019,1.0,0.0,Bryant,0.0,
99,03162019,bryant, saint josephs,7-10,1,7,0,7,35,16,2,29,20,7,14,21,4,10,6,0,1,0.706,10,5,15,33,16,1,23,19,13,7,21,3,9,0.875,2019,0.0,1.0,Saint Josephs,0.0,0.0
100,03232019,bryant,saint josephs,6-11,1,6,3,9,41,19,0,31,13,8,9,20,7,11,10,1,0,0.786,11,7,18,30,21,4,33,19,9,11,20,3,13,0.833,2019,1.0,0.0,Bryant,0.0,
101,03302019,bryant, brown,13-4,1,13,7,20,42,28,1,31,11,10,12,21,0,4,14,1,0,0.957,4,1,5,24,18,0,27,18,5,9,21,1,15,0.818,2019,0.0,1.0,Brown,0.0,0.0
102,04062019,bryant,robert morris,8-11,1,8,6,14,34,19,1,27,14,7,12,23,3,11,13,0,1,0.889,11,7,18,41,24,2,25,14,5,11,23,1,11,0.815,2019,0.0,1.0,Philadelphia Pa,0.0,0.0
103,04132019,bryant, hobart,11-12,1,11,6,17,38,18,0,24,14,7,10,24,1,12,15,1,0,0.833,12,9,21,49,27,1,25,13,4,14,24,1,7,1.000,2019,1.0,0.0,Bryant,0.0,
104,04202019,bryant, bryant,16-20,1,16,12,28,51,28,1,45,11,7,18,39,0,20,9,1,0,0.8,20,16,36,51,29,0,41,15,6,21,39,1,12,0.647,2019,0.0,1.0,Bryant,0.0,0.0
105,04232019,bryant, richmond,7-17,1,7,4,11,22,13,1,23,22,6,13,28,1,17,12,0,1,0.619,17,13,30,46,29,0,43,16,11,15,28,3,6,0.875,2019,0.0,1.0,Richmond,0.0,0.0
106,02022019,bucknell, colgate,6-11,1,6,2,8,32,17,0,22,13,4,8,21,1,11,10,1,0,0.9,11,5,16,35,21,0,35,17,4,13,21,2,11,0.857,2019,0.0,1.0,Colgate,0.0,0.0
107,02102019,bucknell,bryant,9-6,1,9,6,15,45,25,0,35,15,12,13,19,4,6,13,0,1,0.909,6,2,8,27,19,1,32,27,4,6,19,3,16,0.769,2019,1.0,0.0,Bucknell,0.0,
108,02162019,bucknell, holy cross,11-13,1,11,5,16,34,20,1,35,18,10,16,28,2,13,14,1,0,0.875,13,7,20,37,27,1,32,15,7,12,28,3,9,0.857,2019,0.0,1.0,Holy Cross,0.0,0.0
109,02232019,bucknell, ohio st,13-16,1,13,6,19,33,24,3,35,14,9,10,31,4,16,9,1,0,0.85,16,9,25,35,25,1,41,19,8,21,31,5,11,0.800,2019,1.0,0.0,Bucknell,0.0,
110,03022019,bucknell, penn,8-14,1,8,6,14,38,17,3,31,18,6,14,25,3,14,13,0,1,1.0,14,12,26,47,27,0,39,21,6,11,25,5,9,0.720,2019,0.0,1.0,Penn,0.0,0.0
111,03092019,bucknell, loyola maryland,10-7,1,10,8,18,35,23,1,41,19,19,11,21,3,7,7,1,0,0.875,7,6,13,29,14,0,29,22,12,10,21,2,13,0.607,2019,0.0,1.0,Loyola Maryland,0.0,0.0
112,03122019,bucknell, army west point,7-12,1,7,2,9,27,16,1,26,21,11,12,22,3,12,14,1,0,0.682,12,9,21,41,26,2,33,13,12,10,22,4,9,0.842,2019,0.0,1.0,Army West Point,0.0,0.0
113,03162019,bucknell, yale,9-8 ,1,9,7,16,36,20,0,28,20,8,7,26,0,13,12,1,0,0.739,13,7,20,46,25,0,38,15,13,19,26,7,11,0.750,2019,0.0,1.0,Yale,1.0,0.0
114,03232019,bucknell,loyola maryland,7-12,1,7,2,9,43,22,0,25,13,7,6,23,5,12,20,1,0,0.75,12,10,22,40,32,2,35,14,6,17,23,4,15,0.722,2019,1.0,0.0,Bucknell,0.0,
115,03302019,bucknell,army west point,13-15,1,13,8,21,40,23,3,40,18,12,20,31,1,15,13,1,0,0.882,15,9,24,38,28,0,37,19,13,11,31,4,10,0.760,2019,1.0,0.0,Bucknell,0.0,
116,04022019,bucknell, marist,10-7,1,10,3,13,48,28,2,31,14,9,9,20,5,7,8,1,0,0.95,7,4,11,32,15,1,27,20,9,11,20,5,18,0.667,2019,1.0,0.0,Bucknell,0.0,
117,04132019,bucknell, lafayette,17-4,1,17,15,32,44,34,1,43,13,14,13,24,7,4,11,0,1,0.88,4,4,8,31,15,1,21,23,5,11,24,4,17,0.696,2019,1.0,0.0,Bucknell,0.0,
118,04202019,bucknell, dartmouth,12-10,1,12,8,20,37,20,0,35,19,10,8,25,5,10,15,0,1,0.773,10,8,18,45,25,1,34,21,13,17,25,5,8,0.810,2019,0.0,1.0,Dartmouth,0.0,0.0
119,04262019,bucknell, binghamton,10-8,1,10,7,17,42,23,1,33,21,8,13,22,4,8,14,1,0,0.9,8,6,14,39,22,0,26,14,10,9,22,4,13,0.737,2019,0.0,1.0,Binghamton,0.0,0.0
120,04302019,bucknell,furman,14-13 ,1,8,3,11,46,23,2,43,26,11,11,26,2,14,17,1,0,0.618,14,8,22,45,31,0,53,24,13,15,26,5,15,0.792,2019,0.0,1.0,Wayne Pa,1.0,0.0
121,02092019,canisius, hobart,12-21,1,12,6,18,41,22,2,22,20,3,14,37,4,21,15,1,0,0.895,21,13,34,59,36,2,37,15,8,23,37,5,10,1.000,2019,1.0,0.0,Canisius,0.0,
122,02162019,canisius, colgate,13-10,1,13,8,21,45,20,4,22,16,8,11,26,4,10,14,0,1,0.864,10,6,16,37,24,1,26,18,11,15,26,6,7,1.000,2019,0.0,1.0,Colgate,0.0,0.0
123,02192019,canisius, ualbany,10-12,1,10,6,16,33,23,2,30,20,7,16,26,1,12,14,0,1,0.842,12,9,21,37,26,0,27,16,9,10,26,2,13,0.722,2019,0.0,1.0,UAlbany,0.0,0.0
124,02232019,canisius, siena,16-12,1,16,8,24,40,24,2,30,20,7,19,32,3,12,14,1,0,0.95,12,4,16,37,26,1,29,16,4,13,32,5,8,0.818,2019,0.0,1.0,Siena,0.0,0.0
125,03022019,canisius,air force,7-13,1,7,3,10,25,15,2,24,22,6,9,23,3,13,9,0,1,0.714,13,5,18,40,22,1,39,18,13,14,23,5,8,0.882,2019,1.0,0.0,Canisius,0.0,
126,03092019,canisius, marist,12-8,1,12,4,16,34,24,2,33,21,9,10,24,1,8,15,1,0,0.652,8,6,14,43,23,1,38,18,14,14,24,2,12,0.857,2019,0.0,1.0,Marist,0.0,0.0
127,03162019,canisius,colgate,8-6,1,8,5,13,21,15,0,32,24,5,10,17,1,6,16,0,1,0.621,6,2,8,43,22,1,34,19,9,7,17,3,7,0.833,2019,1.0,0.0,Canisius,0.0,
128,03232019,canisius,siena,8-9,1,8,5,13,29,14,0,22,21,8,9,21,0,9,11,0,1,0.8,9,2,11,40,20,0,30,17,7,12,21,1,6,0.778,2019,1.0,0.0,Canisius,0.0,
129,03302019,canisius, quinnipiac,12-2,1,12,3,15,33,17,1,31,17,8,11,17,2,2,13,0,1,0.882,2,1,3,30,15,0,29,16,7,6,17,1,5,0.778,2019,0.0,1.0,Quinnipiac,0.0,0.0
130,04022019,canisius, cleveland st,10-19,1,10,4,14,31,18,4,23,17,4,11,32,3,19,7,1,0,0.619,19,13,32,49,26,4,31,19,12,21,32,6,8,0.889,2019,1.0,0.0,Canisius,0.0,
131,04062019,canisius,quinnipiac,10-7,1,10,3,13,40,23,0,29,16,6,10,20,2,7,7,0,1,0.85,7,4,11,40,14,1,27,17,8,10,20,4,13,0.765,2019,1.0,0.0,Canisius,0.0,
132,04092019,canisius,quinnipiac,11-10 ,1,16,10,26,37,26,3,35,17,6,17,27,4,8,9,1,0,0.905,8,2,10,34,17,1,19,15,5,10,27,7,10,0.688,2019,0.0,1.0,West Long Branch NJ,1.0,0.0
133,04132019,canisius,detroit mercy,10-9 ,1,11,9,20,34,18,1,28,19,11,11,22,3,8,10,1,0,0.857,8,8,16,31,18,1,30,21,13,11,22,5,7,0.789,2019,0.0,1.0,West Long Branch NJ,1.0,0.0
134,04192019,canisius, manhattan,6-7,1,6,1,7,41,17,0,37,14,10,12,16,3,7,13,0,1,0.812,7,5,12,36,20,1,19,13,10,4,16,0,11,0.765,2019,1.0,0.0,Canisius,0.0,
135,04262019,canisius,marist,8-10,1,8,3,11,29,17,0,25,15,10,4,21,4,10,6,0,1,0.895,10,4,14,31,16,2,35,22,2,17,21,4,9,0.714,2019,1.0,0.0,Canisius,0.0,
136,05022019,canisius, michigan,10-11,1,10,5,15,31,17,1,21,19,6,12,25,0,11,12,0,1,0.778,11,8,19,31,23,0,32,15,10,13,25,4,7,0.789,2019,0.0,1.0,Michigan,0.0,0.0
137,02022019,cleveland st, ohio st,9-10 ,1,9,4,13,37,25,3,24,11,4,13,25,6,12,11,0,1,0.944,12,6,18,32,23,0,31,14,3,12,25,7,16,0.895,2019,1.0,0.0,Cleveland St,1.0,
138,02092019,cleveland st, bellarmine,8-10,1,8,2,10,30,17,0,30,21,7,12,20,5,10,13,0,1,0.895,10,7,17,45,23,0,25,17,9,8,20,3,9,0.706,2019,0.0,1.0,Bellarmine,0.0,0.0
139,02162019,cleveland st, air force,17-8,1,17,13,30,46,35,3,39,23,9,25,28,4,8,5,1,0,0.923,8,4,12,25,13,2,22,20,8,3,28,5,18,0.700,2019,0.0,1.0,Air Force,0.0,0.0
140,02232019,cleveland st, denver,8-11,1,8,4,12,25,14,1,23,20,8,6,22,2,11,11,0,1,0.75,11,7,18,37,22,0,33,20,8,16,22,6,6,0.696,2019,0.0,1.0,Denver,0.0,0.0
141,02242019,cleveland st, canisius,8-16,1,8,4,12,29,20,0,38,26,7,19,28,4,16,10,0,1,0.684,16,9,25,41,26,1,42,11,16,9,28,2,12,0.800,2019,0.0,1.0,Canisius,0.0,0.0
142,03022019,cleveland st, mercer,12-8,1,12,7,19,49,28,2,32,17,5,17,24,1,8,6,1,0,0.944,8,6,14,29,14,1,25,15,8,7,24,8,16,0.750,2019,1.0,0.0,Cleveland St,0.0,
143,03092019,cleveland st, marquette,7-5,1,7,6,13,31,20,0,25,20,12,11,16,2,5,10,0,1,0.85,5,4,9,27,15,0,18,19,11,5,16,3,13,0.640,2019,1.0,0.0,Cleveland St,0.0,
144,03122019,cleveland st, penn st,10-9,1,10,9,19,39,17,1,38,22,12,19,23,2,9,8,0,1,0.864,9,4,13,28,17,1,27,17,12,4,23,3,7,0.704,2019,0.0,1.0,Penn St,0.0,0.0
145,03172019,cleveland st,north carolina,9-15,1,9,6,15,32,18,3,27,23,8,13,28,4,15,15,1,0,0.889,15,5,20,48,30,2,29,14,9,15,28,6,9,0.818,2019,1.0,0.0,Cleveland St,0.0,
146,03232019,cleveland st, robert morris,11-15,1,11,9,20,46,21,0,30,15,11,14,29,5,15,13,0,1,0.737,15,6,21,39,28,2,34,14,5,15,29,5,10,0.708,2019,0.0,1.0,Robert Morris,0.0,0.0
147,04022019,cleveland st,canisius,19-10,1,19,13,32,49,26,4,31,19,12,21,32,6,10,8,1,0,0.889,10,4,14,31,18,4,23,17,4,11,32,3,7,0.619,2019,1.0,0.0,Cleveland St,0.0,
148,04062019,cleveland st, detroit mercy,18-5,1,18,14,32,54,32,1,42,19,11,21,27,4,5,2,0,1,0.947,5,4,9,19,7,0,18,23,5,6,27,2,14,0.625,2019,0.0,1.0,Detroit Mercy,0.0,0.0
149,04132019,cleveland st, marist,8-13,1,8,5,13,43,20,1,30,18,9,13,25,3,13,11,1,0,0.95,13,6,19,37,24,1,28,18,7,12,25,2,12,0.679,2019,0.0,1.0,Marist,0.0,0.0
150,04202019,cleveland st, utah,17-8,1,17,10,27,41,24,1,31,23,8,19,28,4,8,13,1,0,0.706,8,5,13,30,21,0,24,21,8,9,28,3,7,0.700,2019,1.0,0.0,Cleveland St,0.0,
151,04242019,cleveland st,detroit mercy,11-9,1,11,7,18,52,32,0,49,20,11,16,24,9,9,10,1,0,0.864,9,5,14,28,19,2,29,23,5,8,24,9,21,0.615,2019,1.0,0.0,Cleveland St,0.0,
152,02082019,colgate, syracuse,12-9,1,12,5,17,41,26,1,31,16,9,12,25,5,9,11,0,1,0.818,9,4,13,36,20,3,25,17,11,13,25,4,14,0.750,2019,1.0,0.0,Colgate,0.0,
153,02162019,colgate, lehigh,16-10,1,16,8,24,43,31,2,27,17,5,18,28,2,10,10,0,1,0.722,10,8,18,35,20,0,23,17,9,10,28,7,15,0.889,2019,0.0,1.0,Lehigh,0.0,0.0
154,02192019,colgate, hobart,6-11,1,6,3,9,25,15,1,22,15,8,6,20,3,11,13,0,1,0.9,11,9,20,34,24,0,35,18,5,14,20,4,9,0.955,2019,0.0,1.0,Hobart,0.0,0.0
155,03022019,colgate, boston u,8-10,1,8,5,13,32,19,1,10,14,6,3,20,1,10,16,1,0,0.789,10,6,16,37,26,0,31,15,3,17,20,3,11,0.889,2019,0.0,1.0,Boston U,0.0,0.0
156,03092019,colgate,boston u,9-7,1,9,5,14,42,22,0,28,18,7,13,20,5,7,8,1,0,0.762,7,7,14,32,15,2,26,18,7,7,20,2,13,0.905,2019,1.0,0.0,Colgate,0.0,
157,03162019,colgate, canisius,6-8,1,6,2,8,43,22,1,34,19,9,7,17,3,8,7,1,0,0.833,8,5,13,21,15,0,32,24,5,10,17,1,16,0.621,2019,1.0,0.0,Colgate,0.0,
158,03192019,colgate,hobart,6-12,1,6,5,11,31,17,1,24,19,4,11,21,4,12,10,0,1,0.75,12,7,19,41,22,2,30,11,10,10,21,4,11,0.944,2019,1.0,0.0,Colgate,0.0,
159,03232019,colgate, navy,8-13,1,8,4,12,29,16,3,32,20,4,14,24,4,13,6,0,1,0.571,13,10,23,40,19,2,33,13,10,10,24,6,8,0.783,2019,0.0,1.0,Navy,0.0,0.0
160,03302019,colgate, loyola maryland,7-21,1,7,4,11,38,25,2,33,13,8,17,31,2,21,9,0,1,0.833,21,16,37,47,30,2,29,12,7,14,31,7,18,0.900,2019,1.0,0.0,Colgate,0.0,
161,04062019,colgate, lafayette,11-16,1,11,10,21,50,27,2,29,16,5,15,30,2,16,7,1,0,0.773,16,9,25,33,23,1,33,18,5,15,30,3,16,0.792,2019,0.0,1.0,Lafayette,0.0,0.0
162,04132019,colgate, lehigh,5-11,1,5,4,9,24,14,1,26,17,8,3,20,4,11,10,0,1,0.864,11,5,16,44,21,2,36,24,12,17,20,3,9,0.783,2019,0.0,1.0,Lehigh,0.0,0.0
163,04202019,colgate, syracuse,16-7,1,16,9,25,36,30,1,37,16,7,17,26,8,7,13,0,1,0.913,7,3,10,37,20,1,20,18,3,9,26,4,14,0.850,2019,0.0,1.0,Syracuse,0.0,0.0
164,04262019,colgate, colgate,8-10,1,8,6,14,39,22,0,26,14,10,9,22,4,10,13,0,1,0.737,10,7,17,42,23,1,33,21,8,13,22,4,14,0.900,2019,0.0,1.0,Colgate,0.0,0.0
165,02222019,cornell, hobart,19-16,1,19,11,30,51,28,1,41,23,12,17,39,3,16,11,1,0,0.826,16,7,23,46,27,0,37,22,11,22,39,3,9,0.625,2019,1.0,0.0,Cornell,0.0,
166,02242019,cornell, ualbany,14-9,1,14,7,21,33,23,1,25,18,12,9,27,7,9,14,0,1,0.957,9,4,13,36,23,1,31,19,8,18,27,4,9,0.950,2019,0.0,1.0,UAlbany,0.0,0.0
167,03022019,cornell,ualbany,17-16,1,17,12,29,37,27,0,29,13,6,12,37,6,16,7,1,0,0.714,16,12,28,44,23,3,42,20,6,25,37,0,10,0.909,2019,1.0,0.0,Cornell,0.0,
168,03082019,cornell,penn st,13-19,1,13,7,20,31,21,3,28,16,19,11,36,4,19,13,1,0,0.714,19,12,31,37,32,2,45,20,9,25,36,4,8,0.714,2019,0.0,1.0,Sparks Md,0.0,0.0
169,03102019,cornell,towson,18-11,1,18,10,28,32,26,0,33,14,14,6,32,12,11,10,0,1,0.923,11,7,18,44,21,3,46,23,6,26,32,3,8,0.562,2019,1.0,0.0,Cornell,0.0,
170,03162019,cornell, penn,11-16,1,11,7,18,33,20,4,34,15,9,6,30,4,16,15,1,0,0.826,16,8,24,46,31,0,39,17,10,24,30,6,12,0.900,2019,0.0,1.0,Penn,0.0,0.0
171,03192019,cornell,st bonaventure,18-3,1,18,14,32,45,33,0,45,17,9,20,25,4,3,11,1,0,0.917,3,2,5,19,14,2,16,15,9,5,25,1,15,0.765,2019,1.0,0.0,Cornell,0.0,
172,03232019,cornell, dartmouth,15-16,1,15,7,22,29,22,2,41,21,10,13,33,5,16,15,1,0,0.85,16,10,26,46,31,4,28,20,7,20,33,3,7,0.650,2019,0.0,1.0,Dartmouth,0.0,0.0
173,03302019,cornell,dartmouth,15-5,1,15,10,25,48,32,2,39,19,9,16,24,4,5,12,1,0,0.696,5,3,8,30,17,0,29,28,8,8,24,8,17,0.630,2019,1.0,0.0,Cornell,0.0,
174,04062019,cornell, harvard,19-11,1,19,15,34,48,32,1,30,16,16,12,33,5,11,15,1,0,0.846,11,7,18,42,26,1,45,17,10,21,33,3,13,0.789,2019,1.0,0.0,Cornell,0.0,
175,04092019,cornell, lehigh,8-13,1,8,7,15,31,18,0,24,12,8,8,25,4,13,17,1,0,0.941,13,4,17,49,30,1,40,11,7,17,25,1,10,0.920,2019,0.0,1.0,Lehigh,0.0,0.0
176,04142019,cornell, notre dame,11-9,1,11,4,15,34,23,0,19,14,8,3,23,6,9,17,1,0,0.81,9,5,14,49,26,2,36,18,6,20,23,1,12,0.769,2019,1.0,0.0,Cornell,0.0,
177,04202019,cornell, princeton,12-9,1,12,7,19,36,22,0,25,18,4,12,24,2,9,12,0,1,0.812,9,8,17,49,21,1,30,22,5,12,24,1,10,0.762,2019,0.0,1.0,Princeton,0.0,0.0
178,04272019,cornell,brown,14-13,1,14,12,26,56,29,3,46,14,8,19,29,2,13,12,1,0,1.0,13,3,16,39,25,0,28,15,8,10,29,7,15,0.818,2019,0.0,1.0,New York NY,0.0,0.0
179,05032019,cornell,yale,10-15,1,10,4,14,38,22,1,28,8,4,7,28,4,15,17,1,0,0.938,15,7,22,46,32,2,22,13,3,21,28,7,12,0.688,2019,0.0,1.0,New York NY,0.0,0.0
180,02162019,dartmouth, syracuse,8-15,1,8,6,14,26,12,1,39,24,10,10,26,4,15,11,1,0,0.688,15,10,25,46,26,2,38,18,10,16,26,3,4,0.938,2019,0.0,1.0,Syracuse,0.0,0.0
181,02232019,dartmouth,maryland,5-6,1,5,3,8,31,19,0,27,19,8,7,15,4,6,15,0,1,0.696,6,3,9,38,21,0,32,16,8,8,15,3,14,0.750,2019,0.0,1.0,Annapolis Md,0.0,0.0
182,03022019,dartmouth, wagner,11-4,1,11,4,15,39,21,0,38,21,14,8,18,4,4,13,1,0,0.917,4,2,6,28,17,1,34,24,16,10,18,2,10,0.519,2019,1.0,0.0,Dartmouth,0.0,
183,03052019,dartmouth, boston u,8-13,1,8,5,13,35,17,0,26,22,8,7,25,5,13,11,0,1,0.762,13,7,20,42,24,1,41,21,13,18,25,1,9,0.800,2019,0.0,1.0,Boston U,0.0,0.0
184,03162019,dartmouth, sacred heart,11-7,1,11,9,20,37,20,1,35,27,10,13,21,7,7,15,0,1,0.708,7,5,12,44,22,1,30,21,14,8,21,3,9,0.700,2019,0.0,1.0,Sacred Heart,0.0,0.0
185,03192019,dartmouth, st johns ,8-15,1,8,2,10,38,27,0,26,15,10,8,26,5,15,4,1,0,0.875,15,13,28,31,19,4,33,17,8,18,26,3,19,0.850,2019,1.0,0.0,Dartmouth,0.0,
186,03232019,dartmouth, st johns ,9-12,1,9,6,15,30,24,1,29,15,14,2,22,2,12,17,0,1,0.72,12,6,18,41,29,0,35,23,5,20,22,2,15,0.739,2019,0.0,1.0,St Johns ,0.0,0.0
187,03302019,dartmouth, virginia,5-15,1,5,3,8,30,17,0,29,28,8,8,24,8,15,17,0,1,0.63,15,10,25,48,32,2,39,19,9,16,24,4,12,0.696,2019,0.0,1.0,Virginia,0.0,0.0
188,04062019,dartmouth, harvard,8-20,1,8,3,11,29,14,2,24,9,9,2,30,7,20,24,0,1,0.87,20,10,30,82,44,4,43,13,6,28,30,4,6,0.833,2019,0.0,1.0,Harvard,0.0,0.0
189,04092019,dartmouth,hartford,11-12,1,11,5,16,32,16,3,27,22,12,9,27,5,12,9,0,1,0.652,12,8,20,33,21,3,33,22,8,18,27,5,5,0.818,2019,1.0,0.0,Dartmouth,0.0,
190,04132019,dartmouth,princeton,4-13,1,4,1,5,40,21,0,34,19,6,12,21,4,13,18,0,1,0.864,13,7,20,52,31,0,28,16,8,9,21,1,17,0.909,2019,1.0,0.0,Dartmouth,0.0,
191,04202019,dartmouth, umass lowell,8-9 ,1,6,4,10,27,17,0,18,15,6,5,31,5,22,19,0,1,0.818,22,17,39,64,41,3,40,14,5,26,31,3,11,0.882,2019,0.0,1.0,UMass Lowell,1.0,0.0
192,04272019,dartmouth, princeton,7-11,1,7,4,11,31,14,2,26,13,13,2,22,4,11,13,0,1,0.826,11,7,18,36,24,1,46,26,7,20,22,6,7,0.704,2019,0.0,1.0,Princeton,0.0,0.0
193,02092019,delaware, mount st marys,9-10 ,1,11,7,18,43,23,3,28,22,7,14,22,3,8,13,0,1,0.762,8,1,9,37,21,0,32,18,14,8,22,8,12,0.571,2019,1.0,0.0,Delaware,1.0,
194,02162019,delaware, brown,12-4,1,12,5,17,55,34,0,32,15,14,14,19,0,4,17,0,1,0.875,4,0,4,31,21,0,16,17,8,5,19,2,22,0.846,2019,0.0,1.0,Brown,0.0,0.0
195,02232019,delaware,monmouth,8-4,1,8,1,9,35,24,0,26,11,13,4,16,4,4,13,1,0,1.0,4,1,5,34,17,0,22,19,5,12,16,3,16,0.842,2019,1.0,0.0,Delaware,0.0,
196,02262019,delaware,saint josephs,14-6,1,14,11,25,49,27,1,41,16,10,11,23,4,6,13,1,0,0.889,6,3,9,31,19,1,24,20,6,12,23,3,13,0.800,2019,1.0,0.0,Delaware,0.0,
197,03022019,delaware, monmouth,9-17,1,9,3,12,30,16,0,16,13,4,3,30,6,17,15,1,0,0.947,17,12,29,52,32,3,39,16,6,27,30,2,7,0.864,2019,0.0,1.0,Monmouth,0.0,0.0
198,03062019,delaware,mercer,10-9,1,10,4,14,60,26,2,33,18,10,13,22,3,9,17,0,1,0.789,9,3,12,37,26,1,24,18,7,9,22,7,16,0.952,2019,1.0,0.0,Delaware,0.0,
199,03092019,delaware,binghamton,10-6,1,10,5,15,41,24,1,27,24,8,14,20,3,6,13,0,1,0.905,6,3,9,29,19,1,21,21,15,6,20,2,14,0.778,2019,1.0,0.0,Delaware,0.0,
200,03162019,delaware, binghamton,7-8 ,1,10,6,16,33,21,1,27,11,7,6,26,3,12,15,0,1,0.833,12,8,20,46,27,1,32,14,9,20,26,3,11,1.000,2019,0.0,1.0,Binghamton,1.0,0.0
201,03232019,delaware, johns hopkins,16-13,1,16,6,22,37,25,1,34,21,10,18,32,2,13,11,0,1,0.81,13,7,20,40,24,1,38,19,13,14,32,3,9,0.905,2019,0.0,1.0,Johns Hopkins,0.0,0.0
202,03302019,delaware, rutgers,15-7,1,15,10,25,50,29,1,43,13,6,12,25,0,7,11,0,1,0.909,7,5,12,33,18,0,20,13,5,13,25,1,14,0.882,2019,0.0,1.0,Rutgers,0.0,0.0
203,04062019,delaware, drexel,15-13,1,15,10,25,37,22,1,28,17,10,11,31,8,13,12,1,0,0.821,13,9,22,41,25,5,37,17,7,20,31,3,7,0.941,2019,1.0,0.0,Delaware,0.0,
204,04132019,delaware,hofstra,13-7,1,13,10,23,32,23,3,31,18,8,3,23,5,7,18,0,1,0.923,7,1,8,39,25,1,35,20,7,20,23,7,10,0.947,2019,1.0,0.0,Delaware,0.0,
205,04202019,delaware, hofstra,12-14,1,12,4,16,39,22,0,26,9,8,9,28,4,14,8,1,0,1.0,14,7,21,35,22,4,36,17,6,19,28,6,10,0.917,2019,0.0,1.0,Hofstra,0.0,0.0
206,04262019,delaware, towson,9-11,1,9,6,15,40,25,0,24,11,10,6,24,2,11,13,0,1,0.8,11,8,19,41,24,2,25,16,5,18,24,3,16,0.917,2019,0.0,1.0,Towson,0.0,0.0
207,05022019,delaware,towson,11-18,1,11,7,18,33,20,3,17,10,5,4,32,7,18,16,1,0,1.0,18,8,26,57,34,4,44,16,6,28,32,9,9,1.000,2019,1.0,0.0,Delaware,0.0,
208,02092019,denver,towson,8-9 ,1,11,8,19,49,28,0,31,15,7,15,19,3,4,10,0,1,0.739,4,3,7,25,14,0,22,16,8,4,19,6,17,0.792,2019,0.0,1.0,Amherst MA,1.0,0.0
209,02162019,denver, air force,9-10,1,9,3,12,34,18,0,23,16,11,12,23,1,10,2,1,0,0.875,10,5,15,20,12,0,31,22,8,11,23,2,9,0.714,2019,0.0,1.0,Air Force,0.0,0.0
210,02232019,denver, duke,15-6,1,15,11,26,43,27,1,42,20,10,21,25,4,6,11,0,1,0.762,6,5,11,29,17,2,28,20,10,4,25,5,12,0.762,2019,0.0,1.0,Duke,0.0,0.0
211,02242019,denver,cleveland st,16-8,1,16,9,25,41,26,1,42,11,16,9,28,2,8,12,1,0,0.8,8,4,12,29,20,0,38,26,7,19,28,4,10,0.684,2019,1.0,0.0,Denver,0.0,
212,03022019,denver, furman,12-10,1,12,8,20,37,19,1,34,18,8,9,26,5,10,11,1,0,0.636,10,5,15,45,21,2,38,17,8,17,26,5,7,0.733,2019,0.0,1.0,Furman,0.0,0.0
213,03092019,denver, north carolina,7-10,1,7,6,13,37,17,3,26,15,11,9,17,10,10,5,1,0,0.824,10,7,17,36,15,2,18,19,6,8,17,7,10,0.778,2019,0.0,1.0,North Carolina,0.0,0.0
214,03232019,denver, notre dame,7-6,1,7,1,8,42,18,0,29,17,13,5,17,1,6,9,0,1,0.92,6,2,8,24,15,0,26,20,9,12,17,0,11,0.682,2019,0.0,1.0,Notre Dame,0.0,0.0
215,03262019,denver, princeton,13-14,1,13,5,18,46,27,1,43,16,2,20,31,4,14,11,1,0,0.75,14,7,21,41,25,2,38,11,10,11,31,1,14,0.875,2019,1.0,0.0,Denver,0.0,
216,03302019,denver,georgetown,11-10 ,1,16,11,27,49,32,1,34,8,6,18,29,1,9,12,1,0,0.889,9,5,14,35,21,0,27,12,4,11,29,3,16,0.722,2019,1.0,0.0,Denver,1.0,
217,04062019,denver, georgetown,11-12,1,11,6,17,41,30,0,38,17,8,20,27,1,12,5,1,0,0.824,12,7,19,28,17,0,27,20,8,7,27,3,19,0.708,2019,0.0,1.0,Georgetown,0.0,0.0
218,04132019,denver, villanova,15-12,1,15,9,24,53,28,1,30,14,9,23,31,3,12,11,1,0,0.895,12,7,19,34,23,2,18,11,4,8,31,4,13,0.895,2019,0.0,1.0,Villanova,0.0,0.0
219,04202019,denver,providence,14-8,1,14,7,21,50,32,0,32,7,10,15,24,1,8,6,1,0,1.0,8,5,13,23,14,1,25,19,3,9,24,2,18,0.667,2019,1.0,0.0,Denver,0.0,
220,04262019,denver, providence,9-8,1,9,1,10,37,20,0,25,17,7,14,20,6,8,10,1,0,0.882,8,6,14,38,18,1,30,15,9,6,20,4,11,0.714,2019,0.0,1.0,Providence,0.0,0.0
221,05022019,denver,villanova,17-11,1,17,10,27,36,23,0,29,17,13,16,32,1,11,6,1,0,0.85,11,6,17,31,17,1,34,20,9,16,32,1,6,0.750,2019,1.0,0.0,Denver,0.0,
222,05042019,denver,marquette,9-12,1,9,8,17,45,24,1,39,12,16,13,25,0,12,5,1,0,0.8,12,7,19,25,17,0,29,19,8,12,25,3,15,0.750,2019,0.0,1.0,Villanova Pa,0.0,0.0
223,02022019,detroit mercy,georgetown,9-8,1,9,5,14,39,27,3,34,22,8,15,21,6,8,15,0,1,0.727,8,6,14,48,23,3,29,19,12,6,21,7,18,0.917,2019,0.0,1.0,Villanova Pa,0.0,0.0
224,02162019,detroit mercy, notre dame,6-19,1,6,3,9,21,11,1,14,27,4,11,27,3,19,7,1,0,0.833,19,8,27,36,26,2,34,20,15,16,27,2,5,0.960,2019,0.0,1.0,Notre Dame,0.0,0.0
225,02232019,detroit mercy,ualbany,15-12,1,15,6,21,38,22,1,32,17,6,19,30,3,12,11,0,1,0.857,12,8,20,51,23,1,27,14,10,11,30,5,7,0.857,2019,0.0,1.0,Hempstead NY,0.0,0.0
226,03022019,detroit mercy, notre dame,15-14,1,15,9,24,51,35,0,45,16,9,27,33,0,14,9,0,1,0.87,14,9,23,34,23,0,21,20,7,6,33,1,20,0.844,2019,0.0,1.0,Notre Dame,0.0,0.0
227,03062019,detroit mercy, mercer,8-7 ,1,9,7,16,28,16,3,24,21,7,13,31,2,19,10,1,0,0.688,19,13,32,49,29,2,39,22,8,18,31,7,7,0.842,2019,0.0,1.0,Mercer,1.0,0.0
228,03092019,detroit mercy, jacksonville,16-8,1,16,6,22,56,31,3,50,20,12,22,25,9,8,11,0,1,0.92,8,4,12,32,19,3,25,22,9,3,25,5,15,0.871,2019,0.0,1.0,Jacksonville,0.0,0.0
229,03162019,detroit mercy, quinnipiac,9-12,1,9,7,16,50,26,2,26,19,9,10,25,5,12,16,0,1,0.917,12,5,17,50,28,1,33,24,7,15,25,5,17,0.815,2019,1.0,0.0,Detroit Mercy,0.0,
230,03232019,detroit mercy,bellarmine,6-4,1,6,4,10,29,18,1,28,26,13,10,13,4,4,15,1,0,0.81,4,3,7,31,19,0,33,24,19,3,13,4,12,0.760,2019,0.0,1.0,Pontiac Mich,0.0,0.0
231,03302019,detroit mercy,ohio st,12-11,1,12,9,21,33,19,1,23,19,5,12,27,7,11,17,0,1,0.895,11,8,19,44,28,3,30,12,9,15,27,3,7,1.000,2019,0.0,1.0,Pontiac Mich,0.0,0.0
232,04062019,detroit mercy,manhattan,10-5,1,10,5,15,39,24,0,37,18,7,13,19,5,5,11,0,1,0.857,5,4,9,37,16,2,27,20,6,6,19,0,14,0.913,2019,1.0,0.0,Detroit Mercy,0.0,
233,04132019,detroit mercy,canisius,8-11,1,8,8,16,31,18,1,30,21,13,11,22,5,11,7,1,0,0.789,11,9,20,34,18,1,28,19,11,11,22,3,10,0.857,2019,1.0,0.0,Detroit Mercy,0.0,
234,04202019,detroit mercy, monmouth,9-8 ,1,13,8,21,44,27,2,42,23,5,18,25,3,10,21,1,0,0.773,10,8,18,56,31,1,35,13,14,7,25,3,14,0.885,2019,0.0,1.0,Monmouth,1.0,0.0
235,04242019,detroit mercy, cleveland st,9-11,1,9,5,14,28,19,2,29,23,5,8,24,9,11,21,0,1,0.615,11,7,18,52,32,0,49,20,11,16,24,9,10,0.864,2019,1.0,0.0,Detroit Mercy,0.0,
236,04272019,detroit mercy, canisius,10-16,1,10,7,17,32,18,1,30,24,8,13,28,4,16,12,1,0,0.87,16,14,30,40,28,3,36,20,10,15,28,2,8,0.800,2019,0.0,1.0,Canisius,0.0,0.0
237,05022019,detroit mercy, manhattan,10-19,1,10,3,13,36,19,1,38,22,9,21,31,6,19,8,1,0,0.632,19,10,29,47,27,1,38,17,10,10,31,5,9,0.840,2019,0.0,1.0,Manhattan,0.0,0.0
238,02162019,drexel,high point,14-15 ,1,14,9,23,50,27,4,48,20,12,21,32,3,15,4,0,1,0.857,15,7,22,43,19,1,30,21,13,11,32,7,13,0.828,2019,1.0,0.0,Drexel,0.0,
239,02192019,drexel, michigan,17-16 ,1,17,4,21,45,26,2,34,19,9,16,37,3,16,7,1,0,0.895,16,9,25,46,23,1,47,19,15,21,37,4,9,0.739,2019,1.0,0.0,Drexel,0.0,
240,02232019,drexel, monmouth,12-13,1,12,4,16,42,26,3,38,20,9,19,27,4,13,14,1,0,0.917,13,6,19,44,27,1,29,17,12,8,27,5,14,0.821,2019,0.0,1.0,Monmouth,0.0,0.0
241,03022019,drexel,canisius,9-10 ,1,12,6,18,37,22,3,29,18,10,14,33,6,19,5,0,1,0.722,19,8,27,38,24,2,28,13,15,19,33,9,10,0.850,2019,0.0,1.0,West Long Branch NJ,1.0,0.0
242,03082019,drexel,saint josephs,10-7,1,10,7,17,35,20,3,30,16,5,11,24,5,7,6,0,1,0.636,7,4,11,31,13,1,27,21,7,13,24,5,10,0.850,2019,1.0,0.0,Drexel,0.0,
243,03102019,drexel, ualbany,15-10,1,15,6,21,32,23,2,38,19,12,14,28,3,10,13,0,1,0.885,10,3,13,41,23,1,31,15,13,14,28,7,8,0.952,2019,0.0,1.0,UAlbany,0.0,0.0
244,03162019,drexel, villanova,10-13,1,10,7,17,37,24,1,40,23,9,16,27,1,13,8,0,1,0.778,13,6,19,31,21,0,31,17,11,11,27,4,14,0.826,2019,0.0,1.0,Villanova,0.0,0.0
245,03242019,drexel, providence,15-9,1,15,9,24,44,29,0,37,18,5,13,28,4,9,12,1,0,0.95,9,4,13,38,21,0,29,17,8,15,28,2,14,0.737,2019,1.0,0.0,Drexel,0.0,
246,03302019,drexel, bryant,9-10,1,9,4,13,31,21,0,21,16,6,8,23,8,10,12,1,0,1.0,10,6,16,42,22,2,33,13,11,15,23,3,12,0.938,2019,0.0,1.0,Bryant,0.0,0.0
247,04062019,drexel, saint josephs,13-15,1,13,9,22,41,25,5,37,17,7,20,31,3,15,7,0,1,0.941,15,10,25,37,22,1,28,17,10,11,31,8,12,0.821,2019,0.0,1.0,Saint Josephs,0.0,0.0
248,04132019,drexel,fairfield,21-9,1,21,10,31,60,36,2,41,12,3,27,34,3,9,11,1,0,0.923,9,5,14,31,20,1,17,11,4,7,34,3,15,0.842,2019,1.0,0.0,Drexel,0.0,
249,04202019,drexel, hofstra,11-10 ,1,13,8,21,36,26,7,32,14,3,15,26,10,12,15,1,0,0.857,12,8,20,39,27,2,31,11,6,11,26,11,13,1.000,2019,1.0,0.0,Drexel,1.0,
250,04272019,drexel,towson,9-11,1,9,7,16,54,26,3,29,18,8,17,24,3,11,8,0,1,0.944,11,9,20,31,19,1,18,17,7,7,24,10,17,0.760,2019,1.0,0.0,Drexel,0.0,
251,05022019,drexel, towson,15-12,1,15,8,23,40,27,2,29,19,6,14,30,3,12,11,0,1,0.941,12,8,20,37,23,3,21,19,12,16,30,7,12,0.875,2019,0.0,1.0,Towson,0.0,0.0
252,05042019,drexel, fairfield,14-16,1,14,6,20,47,31,2,35,19,7,23,33,5,16,11,1,0,0.8,16,7,23,48,27,1,22,13,10,10,33,5,17,0.882,2019,0.0,1.0,Fairfield,0.0,0.0
253,02022019,duke, furman,17-9,1,17,7,24,50,26,1,35,18,3,19,29,4,9,9,0,1,0.818,9,5,14,32,18,0,24,16,8,10,29,4,9,0.952,2019,1.0,0.0,Duke,0.0,
254,02062019,duke, delaware,9-13,1,9,5,14,41,28,1,29,18,8,13,27,3,13,10,0,1,0.75,13,7,20,39,23,1,27,20,3,14,27,6,19,0.680,2019,0.0,1.0,Delaware,0.0,0.0
255,02092019,duke, jacksonville,15-8,1,15,9,24,36,25,1,41,21,10,18,25,4,8,9,1,0,0.75,8,5,13,28,17,2,19,19,15,7,25,4,10,0.783,2019,1.0,0.0,Duke,0.0,
256,02162019,duke,denver,10-9,1,10,5,15,20,12,0,31,22,8,11,23,2,9,9,1,0,0.714,9,3,12,34,18,0,23,16,11,12,23,1,2,0.875,2019,1.0,0.0,Duke,0.0,
257,02232019,duke,penn,17-7,1,17,11,28,45,28,0,34,15,10,17,27,3,7,8,1,0,0.75,7,3,10,32,15,1,25,18,7,10,27,0,11,0.944,2019,1.0,0.0,Duke,0.0,
258,03012019,duke, richmond,11-7,1,11,5,16,44,22,0,30,13,10,14,21,2,7,8,1,0,0.95,7,4,11,30,15,0,17,18,6,7,21,1,11,0.800,2019,1.0,0.0,Duke,0.0,
259,03072019,duke, penn,12-7,1,12,8,20,43,27,1,35,13,6,9,22,5,7,10,0,1,0.947,7,4,11,22,17,2,19,15,3,13,22,3,15,0.625,2019,0.0,1.0,Penn,0.0,0.0
260,03122019,duke,utah,17-11,1,17,9,26,46,30,2,45,16,3,28,31,3,11,7,1,0,0.864,11,8,19,28,18,1,17,10,6,3,31,2,13,0.824,2019,1.0,0.0,Duke,0.0,
261,03162019,duke, loyola maryland,12-10,1,12,9,21,39,27,0,31,10,13,5,24,5,10,7,1,0,0.75,10,5,15,36,17,3,26,25,2,19,24,2,15,0.571,2019,0.0,1.0,Loyola Maryland,0.0,0.0
262,03242019,duke, towson,8-9 ,1,8,3,11,31,20,1,21,15,11,7,18,4,9,12,0,1,0.833,9,6,15,44,21,4,32,16,10,11,18,4,12,0.818,2019,0.0,1.0,Towson,0.0,0.0
263,03302019,duke, cleveland st,8-10,1,8,4,12,42,29,2,29,14,6,9,22,3,10,15,1,0,0.917,10,5,15,41,25,1,28,13,5,13,22,11,21,0.941,2019,0.0,1.0,Cleveland St,0.0,0.0
264,04062019,duke,notre dame,14-8,1,14,10,24,36,27,0,31,13,8,11,26,5,8,9,0,1,1.0,8,3,11,28,17,0,26,16,4,15,26,2,13,0.933,2019,1.0,0.0,Duke,0.0,
265,04132019,duke,virginia,12-7,1,12,8,20,40,28,3,39,15,11,7,22,2,7,12,1,0,0.76,7,4,11,32,19,0,30,17,4,15,22,5,16,0.812,2019,1.0,0.0,Duke,0.0,
266,04202019,duke, notre dame,10-9 ,1,10,6,16,39,21,0,30,20,7,12,22,4,9,11,1,0,0.667,9,5,14,40,20,2,29,16,11,10,22,2,11,0.722,2019,0.0,1.0,Notre Dame,0.0,0.0
267,04272019,duke, virginia,10-12,1,10,5,15,37,28,3,31,12,5,9,26,4,12,15,1,0,0.87,12,6,18,39,27,2,31,16,2,17,26,4,18,0.913,2019,0.0,1.0,Virginia,0.0,0.0
268,05122019,duke,richmond,12-11,1,12,6,18,35,24,2,33,15,5,14,27,3,11,8,1,0,0.846,11,7,18,32,19,0,27,18,11,13,27,3,12,0.933,2019,1.0,0.0,Duke,0.0,
269,05182019,duke,notre dame,14-13 ,1,14,7,21,40,25,1,30,13,3,15,30,4,13,9,1,0,0.963,13,7,20,42,22,3,25,15,5,15,30,3,11,0.857,2019,0.0,1.0,Charlottesville Va,0.0,0.0
270,05252019,duke,virginia,12-13 ,1,12,5,17,47,30,2,36,9,7,12,30,1,13,11,0,1,0.85,13,10,23,54,24,1,44,18,4,18,30,3,18,0.850,2019,1.0,0.0,Duke,0.0,
271,02162019,fairfield,saint josephs,10-21,1,10,8,18,47,23,1,30,13,3,11,34,5,21,7,1,0,0.778,21,13,34,35,28,3,42,17,7,23,34,5,13,0.722,2019,1.0,0.0,Fairfield,0.0,
272,02232019,fairfield,johns hopkins,12-11,1,12,10,22,41,26,4,32,23,6,21,27,2,11,18,1,0,0.571,11,7,18,40,28,0,37,15,17,6,27,5,14,1.000,2019,0.0,1.0,Annapolis Md,0.0,0.0
273,03022019,fairfield,maryland,4-8,1,4,2,6,43,21,0,33,17,8,8,16,1,8,12,1,0,0.708,8,4,12,39,20,0,22,17,6,8,16,3,17,0.958,2019,0.0,1.0,Foxborough Mass,0.0,0.0
274,03052019,fairfield,yale,21-15,1,21,15,36,46,30,2,39,17,11,23,39,3,15,9,0,1,0.857,15,10,25,40,24,2,33,16,8,16,39,6,9,0.625,2019,0.0,1.0,Foxborough Mass,0.0,0.0
275,03092019,fairfield,georgetown,6-19,1,6,4,10,27,14,0,24,19,4,16,29,3,19,9,0,1,0.684,19,13,32,51,28,2,47,11,13,13,29,3,8,1.000,2019,1.0,0.0,Fairfield,0.0,
276,03122019,fairfield, saint josephs,12-11 ,1,12,11,23,42,26,0,28,11,12,7,27,2,11,8,1,0,0.864,11,6,17,35,19,1,32,17,3,20,27,0,14,0.875,2019,0.0,1.0,Saint Josephs,0.0,0.0
277,03152019,fairfield, rutgers,10-9 ,1,10,6,16,48,26,0,40,16,6,17,22,3,9,13,1,0,0.739,9,5,14,32,22,2,29,17,11,5,22,2,16,0.833,2019,0.0,1.0,Rutgers,0.0,0.0
278,03192019,fairfield, njit,18-5,1,18,11,29,56,36,0,45,16,7,21,26,4,5,10,0,1,0.833,5,3,8,28,15,2,26,14,8,5,26,1,18,0.909,2019,1.0,0.0,Fairfield,0.0,
279,03232019,fairfield,villanova,8-12,1,8,5,13,37,22,0,32,17,13,7,23,6,12,11,0,1,0.778,12,8,20,39,23,1,35,22,12,16,23,2,14,0.842,2019,1.0,0.0,Fairfield,0.0,
280,03302019,fairfield,delaware,7-15,1,7,5,12,33,18,0,20,13,5,13,25,1,15,14,1,0,0.882,15,10,25,50,29,1,43,13,6,12,25,0,11,0.909,2019,1.0,0.0,Fairfield,0.0,
281,04062019,fairfield,towson,7-14,1,7,6,13,30,22,1,20,13,12,3,25,2,14,10,0,1,0.81,14,9,23,52,24,2,46,15,6,22,25,4,15,0.882,2019,1.0,0.0,Fairfield,0.0,
282,04132019,fairfield, drexel,9-21,1,9,5,14,31,20,1,17,11,4,7,34,3,21,15,0,1,0.842,21,10,31,60,36,2,41,12,3,27,34,3,11,0.923,2019,1.0,0.0,Fairfield,0.0,
283,04202019,fairfield, massachusetts,8-17,1,8,6,14,42,29,0,30,19,7,14,27,4,17,11,1,0,0.778,17,11,28,43,28,2,32,16,12,13,27,3,21,0.895,2019,1.0,0.0,Fairfield,0.0,
284,04262019,fairfield, villanova,12-13 ,1,9,7,16,28,20,1,27,17,5,7,23,6,11,13,0,1,0.72,11,8,19,42,24,0,29,15,6,16,23,5,11,0.920,2019,0.0,1.0,Villanova,1.0,0.0
285,02022019,furman, delaware,9-17,1,9,5,14,32,18,0,24,16,8,10,29,4,17,9,0,1,0.952,17,7,24,50,26,1,35,18,3,19,29,4,9,0.818,2019,0.0,1.0,Delaware,0.0,0.0
286,02092019,furman, hofstra,10-14,1,10,6,16,33,23,3,35,12,7,6,27,3,14,20,1,0,0.889,14,7,21,46,34,2,34,18,6,21,27,7,13,0.850,2019,0.0,1.0,Hofstra,0.0,0.0
287,02162019,furman,sacred heart,11-18,1,11,5,16,37,23,1,49,23,8,17,32,9,18,12,0,1,0.739,18,11,29,47,30,3,65,21,11,15,32,3,12,0.708,2019,1.0,0.0,Furman,0.0,
288,02192019,furman,canisius,12-10,1,12,9,21,37,26,0,27,16,9,10,26,2,10,13,0,1,0.722,10,6,16,33,23,2,30,20,7,16,26,1,14,0.842,2019,1.0,0.0,Furman,0.0,
289,02242019,furman, towson,26-6,1,26,16,42,54,43,1,43,19,14,18,35,2,6,11,0,1,0.724,6,2,8,36,17,1,30,26,9,17,35,1,17,0.577,2019,0.0,1.0,Towson,0.0,0.0
290,03022019,furman,utah,7-8,1,7,4,11,44,24,0,22,16,12,12,18,3,8,5,0,1,0.769,8,3,11,28,13,1,20,21,7,6,18,4,17,0.760,2019,1.0,0.0,Furman,0.0,
291,03052019,furman, north carolina,14-15 ,1,6,4,10,23,15,0,25,20,11,10,26,6,18,15,0,1,0.818,18,12,30,50,33,4,34,16,5,16,26,1,9,0.864,2019,0.0,1.0,North Carolina,1.0,0.0
292,03162019,furman,sacred heart,8-13,1,8,2,10,30,19,1,31,19,12,9,25,4,13,17,0,1,0.857,13,7,20,48,30,2,38,19,11,16,25,2,11,0.704,2019,0.0,1.0,Baltimore Md,0.0,0.0
293,03232019,furman,canisius,13-14 ,1,7,4,11,31,16,0,24,20,9,5,21,0,11,11,0,1,0.769,11,6,17,37,22,0,36,21,10,16,21,2,9,0.840,2019,0.0,1.0,Wayne Pa,1.0,0.0
294,03302019,furman, high point,10-17,1,10,7,17,37,24,1,31,15,7,13,30,3,17,9,0,1,0.808,17,10,27,47,26,2,36,18,7,17,30,2,14,0.905,2019,1.0,0.0,Furman,0.0,
295,04062019,furman,penn st,15-14,1,15,7,22,36,28,1,29,10,10,4,33,7,14,21,0,1,0.828,14,6,20,54,35,0,43,18,5,29,33,2,13,0.875,2019,0.0,1.0,Bethesda Md,0.0,0.0
296,04132019,furman,bellarmine,12-15,1,12,6,18,38,24,2,34,14,10,15,31,2,15,10,1,0,0.81,15,9,24,46,25,1,35,17,3,16,31,5,12,0.905,2019,1.0,0.0,Furman,0.0,
297,04202019,furman, vmi,10-11,1,10,4,14,28,16,1,25,21,10,7,26,5,11,19,1,0,0.68,11,6,17,45,30,1,39,18,10,19,26,3,6,0.880,2019,0.0,1.0,VMI,0.0,0.0
298,04272019,furman, mercer,20-6,1,20,13,33,52,32,2,36,17,13,9,29,4,6,18,1,0,0.833,6,3,9,42,24,2,35,19,5,20,29,3,12,0.714,2019,0.0,1.0,Mercer,0.0,0.0
0,02032018,air force, denver,4-18,1,4,1,5,26,14,1,23,13,2,16,26,1,18,9,0,1,0.667,18,12,30,38,27,1,32,7,9,10,26,5,10,0.944,2018,1.0,0.0,Air Force,0.0,
1,02102018,air force,denver,5-11,1,5,2,7,31,14,1,14,14,3,9,18,2,11,12,0,1,0.8,11,8,19,33,23,1,24,5,3,9,18,1,9,1.000,2018,1.0,0.0,Air Force,0.0,
2,02172018,air force, marist,8-7,1,8,4,12,42,21,0,23,9,4,12,19,3,7,8,1,0,0.923,7,5,12,22,15,0,12,9,4,7,19,4,13,0.917,2018,0.0,1.0,Marist,0.0,0.0
3,02232018,air force,cleveland st,7-8,1,7,2,9,30,19,0,21,14,7,11,17,2,8,9,0,1,0.929,8,5,13,30,17,1,14,11,3,6,17,1,12,1.000,2018,1.0,0.0,Air Force,0.0,
4,03032018,air force, canisius,9-15,1,9,4,13,28,20,1,18,13,3,16,28,6,15,10,0,1,0.692,15,11,26,43,25,5,29,8,3,12,28,3,11,0.857,2018,1.0,0.0,Air Force,0.0,
5,03092018,air force, michigan,9-14,1,9,4,13,25,16,1,26,16,6,14,26,3,14,6,0,1,0.667,14,6,20,37,20,1,24,13,12,12,26,4,7,0.692,2018,0.0,1.0,Michigan,0.0,0.0
6,03112018,air force, detroit mercy,9-7,1,9,2,11,33,20,1,27,9,6,5,18,4,7,13,1,0,1.0,7,3,10,35,20,1,28,16,8,13,18,3,11,0.800,2018,0.0,1.0,Detroit Mercy,0.0,0.0
7,03172018,air force, furman,11-6,1,11,6,17,44,23,0,27,12,8,16,20,3,6,2,1,0,0.929,6,3,9,16,8,1,21,14,5,4,20,2,12,0.938,2018,1.0,0.0,Air Force,0.0,
8,03242018,air force, yale,7-9,1,7,6,13,33,19,0,26,16,7,11,20,5,9,9,0,1,0.895,9,6,15,29,18,3,22,13,8,9,20,1,12,0.778,2018,1.0,0.0,Air Force,0.0,
9,03272018,air force, cornell,5-23,1,5,2,7,19,11,1,18,15,4,10,31,2,23,7,0,1,0.529,23,17,40,37,30,1,35,8,7,21,31,3,6,0.933,2018,0.0,1.0,Cornell,0.0,0.0
10,03312018,air force, bellarmine,9-7,1,9,5,14,31,21,0,14,9,3,11,19,4,7,6,1,0,0.909,7,5,12,23,13,1,14,13,6,8,19,0,12,0.583,2018,0.0,1.0,Bellarmine,0.0,0.0
11,04072018,air force, jacksonville,12-13,1,12,6,18,28,20,1,17,12,8,9,28,4,13,8,0,1,0.824,13,6,19,34,21,1,32,13,9,19,28,2,8,0.647,2018,0.0,1.0,Jacksonville,0.0,0.0
12,04142018,air force, vmi,11-3,1,11,5,16,33,22,1,23,11,5,15,17,1,3,8,1,0,0.769,3,1,4,16,11,0,12,10,5,2,17,3,11,0.867,2018,1.0,0.0,Air Force,0.0,
13,04212018,air force,high point,6-7,1,6,4,10,37,15,0,18,10,6,6,16,2,7,9,0,1,0.923,7,3,10,27,16,2,22,10,4,10,16,1,9,1.000,2018,1.0,0.0,Air Force,0.0,
14,04282018,air force, richmond,6-12,1,6,0,6,26,12,1,16,11,4,9,20,6,12,10,0,1,0.846,12,8,20,32,22,3,20,10,6,11,20,3,6,0.941,2018,0.0,1.0,Richmond,0.0,0.0
15,02102018,army west point, massachusetts,12-11 ,1,18,11,29,43,33,4,28,9,5,9,25,3,6,11,1,0,0.818,6,2,8,28,17,0,26,14,5,16,25,7,15,0.750,2018,1.0,0.0,Army West Point,0.0,
16,02132018,army west point, rutgers,14-5,1,14,7,21,49,30,2,44,16,14,20,23,2,5,2,1,0,0.9,5,4,9,10,7,0,23,26,8,3,23,3,16,0.714,2018,1.0,0.0,Army West Point,0.0,
17,02172018,army west point,rutgers,9-7,1,9,5,14,40,23,0,28,10,7,11,20,3,7,6,1,0,0.867,7,5,12,32,13,0,18,12,2,9,20,4,14,0.875,2018,1.0,0.0,Army West Point,0.0,
18,02242018,army west point, syracuse,10-11 ,1,10,6,16,32,18,3,33,18,8,17,26,2,11,7,0,1,0.857,11,6,17,32,18,1,25,12,11,9,26,5,8,0.708,2018,0.0,1.0,Syracuse,1.0,0.0
19,03032018,army west point, lafayette,13-4,1,13,6,19,43,26,0,38,16,11,11,21,1,4,10,1,0,0.833,4,2,6,25,14,0,31,19,10,10,21,2,13,0.652,2018,0.0,1.0,Lafayette,0.0,0.0
20,03102018,army west point, lehigh,7-9,1,7,6,13,33,16,1,23,10,9,8,20,3,9,5,0,1,0.812,9,5,14,29,14,1,28,16,6,12,20,4,9,0.842,2018,1.0,0.0,Army West Point,0.0,
21,03172018,army west point, binghamton,5-3,1,5,5,10,35,17,0,25,16,12,6,12,3,3,14,1,0,0.727,3,0,3,31,17,0,25,21,9,6,12,2,12,0.815,2018,1.0,0.0,Army West Point,0.0,
22,03242018,army west point, colgate,6-8,1,6,4,10,35,18,0,21,10,9,6,18,0,8,8,0,1,0.882,8,1,9,28,16,0,25,15,5,12,18,2,12,0.722,2018,0.0,1.0,Colgate,0.0,0.0
23,03312018,army west point,bucknell,7-10,1,7,6,13,29,16,0,26,13,10,11,21,2,10,10,0,1,0.812,10,5,15,34,20,1,27,16,5,10,21,2,9,0.812,2018,1.0,0.0,Army West Point,0.0,
24,04072018,army west point, boston u,7-8,1,7,5,12,38,25,1,28,12,8,11,19,6,8,9,0,1,0.917,8,6,14,38,17,3,28,13,7,8,19,1,18,0.765,2018,0.0,1.0,Boston U,0.0,0.0
25,04142018,army west point,navy,8-9,1,8,5,13,43,17,0,30,9,8,8,20,2,9,4,0,1,1.0,9,4,13,24,13,1,24,13,6,12,20,2,9,0.941,2018,1.0,0.0,Army West Point,0.0,
26,04202018,army west point, loyola maryland,9-8 ,1,8,3,11,33,20,0,31,17,7,12,24,0,12,11,1,0,0.8,12,6,18,36,23,0,42,15,14,12,24,1,12,0.842,2018,0.0,1.0,Loyola Maryland,0.0,0.0
27,05052018,army west point, notre dame,5-17,1,5,3,8,23,12,1,21,9,4,6,27,3,17,8,0,1,0.812,17,10,27,36,25,1,29,11,4,21,27,3,7,1.000,2018,0.0,1.0,Notre Dame,0.0,0.0
28,02092018,bellarmine, njit,7-15,1,7,5,12,39,16,0,16,14,7,13,25,1,15,11,0,1,0.933,15,10,25,35,26,1,25,14,10,12,25,3,9,0.938,2018,1.0,0.0,Bellarmine,0.0,
29,02132018,bellarmine, michigan,7-9,1,7,4,11,32,17,0,19,16,9,9,20,0,9,6,0,1,0.706,9,5,14,36,15,0,26,17,12,11,20,2,10,0.864,2018,0.0,1.0,Michigan,0.0,0.0
30,02172018,bellarmine, loyola maryland,13-9,1,13,10,23,32,19,3,28,19,9,14,23,8,9,12,1,0,0.824,9,5,14,35,21,1,17,13,7,9,23,4,6,0.812,2018,1.0,0.0,Bellarmine,0.0,
31,02242018,bellarmine,manhattan,9-10,1,9,5,14,49,25,2,23,12,3,15,23,2,10,9,0,1,0.714,10,5,15,32,19,1,25,11,2,8,23,3,16,0.857,2018,0.0,1.0,Chester PA,0.0,0.0
32,03022018,bellarmine,detroit mercy,5-11,1,5,2,7,26,19,2,25,20,7,12,20,4,11,13,0,1,0.619,11,6,17,35,24,0,37,18,12,8,20,5,14,1.000,2018,0.0,1.0,Pontiac Mich,0.0,0.0
33,03042018,bellarmine,marquette,6-7 ,1,7,2,9,23,14,0,25,13,5,4,16,6,6,13,0,1,0.909,6,4,10,31,19,1,31,13,7,12,16,3,7,0.842,2018,0.0,1.0,Pontiac Mich,0.0,0.0
34,03172018,bellarmine, high point,7-15,1,7,5,12,28,19,2,24,18,7,11,26,3,15,17,0,1,0.75,15,9,24,42,32,1,37,15,11,15,26,5,12,0.938,2018,0.0,1.0,High Point,0.0,0.0
35,03242018,bellarmine, jacksonville,5-9,1,5,3,8,31,14,0,25,19,10,4,16,3,9,17,0,1,0.815,9,5,14,41,26,0,31,16,11,12,16,3,9,0.917,2018,0.0,1.0,Jacksonville,0.0,0.0
36,03312018,bellarmine, robert morris,7-9,1,7,5,12,23,13,1,14,13,6,8,19,0,9,12,0,1,0.583,9,5,14,31,21,0,14,9,3,11,19,4,6,0.909,2018,1.0,0.0,Bellarmine,0.0,
37,04072018,bellarmine, richmond,6-8,1,6,2,8,33,15,1,15,11,4,9,17,3,8,13,0,1,0.824,8,5,13,38,21,0,22,8,7,8,17,4,9,0.938,2018,0.0,1.0,Richmond,0.0,0.0
38,04142018,bellarmine, utah,12-6,1,12,9,21,40,21,1,19,10,15,7,20,2,6,11,1,0,0.706,6,1,7,31,17,0,25,18,3,13,20,3,9,0.692,2018,1.0,0.0,Bellarmine,0.0,
39,04212018,bellarmine, vmi,10-7,1,10,3,13,29,18,0,24,15,8,8,21,0,7,7,1,0,0.905,7,6,13,34,14,0,27,14,11,13,21,1,8,0.950,2018,0.0,1.0,VMI,0.0,0.0
40,04282018,bellarmine,furman,7-8,1,7,5,12,38,22,2,31,13,6,15,19,7,8,10,0,1,0.895,8,5,13,28,18,3,23,16,6,4,19,5,15,0.850,2018,1.0,0.0,Bellarmine,0.0,
41,02102018,binghamton, syracuse,4-21,1,4,2,6,19,10,2,13,10,5,5,29,2,21,11,0,1,0.917,21,13,34,53,32,1,43,9,5,24,29,4,6,1.000,2018,0.0,1.0,Syracuse,0.0,0.0
42,02132018,binghamton, colgate,7-21,1,7,3,10,21,14,0,15,14,4,6,29,8,21,13,0,1,0.625,21,11,32,44,34,2,38,13,4,23,29,4,7,0.909,2018,0.0,1.0,Colgate,0.0,0.0
43,02202018,binghamton, furman,10-12,1,10,2,12,37,18,0,25,11,9,18,25,4,12,7,0,1,0.8,12,8,20,31,19,1,20,12,8,7,25,2,8,0.875,2018,1.0,0.0,Binghamton,0.0,
44,02252018,binghamton, marist,7-8,1,7,5,12,31,17,1,18,7,2,9,19,2,8,10,0,1,1.0,8,4,12,38,18,1,21,10,4,10,19,2,10,0.800,2018,0.0,1.0,Marist,0.0,0.0
45,03032018,binghamton, hobart,6-17,1,6,3,9,26,13,0,20,16,6,11,27,2,17,14,0,1,0.667,17,5,22,44,31,1,29,11,10,16,27,0,7,0.870,2018,0.0,1.0,Hobart,0.0,0.0
46,03062018,binghamton, cornell,2-18,1,2,0,2,26,12,0,22,16,5,12,24,3,18,7,0,1,0.733,18,14,32,35,25,1,28,9,8,12,24,5,10,0.955,2018,0.0,1.0,Cornell,0.0,0.0
47,03102018,binghamton, lafayette,8-7 ,1,8,4,12,43,20,0,23,12,9,6,20,3,7,14,1,0,1.0,7,3,10,38,21,0,24,12,9,14,20,3,12,0.846,2018,1.0,0.0,Binghamton,1.0,
48,03172018,binghamton,umass lowell,10-14,1,10,4,14,48,31,1,27,13,10,16,28,2,14,14,0,1,0.846,14,7,21,34,28,1,29,14,10,12,28,3,21,0.938,2018,1.0,0.0,Binghamton,0.0,
49,03242018,binghamton, vermont,6-10,1,6,6,12,33,24,1,20,14,11,6,19,3,10,7,0,1,0.722,10,5,15,32,17,0,33,16,12,13,19,7,18,0.824,2018,0.0,1.0,Vermont,0.0,0.0
50,03272018,binghamton,siena,13-11,1,13,6,19,46,30,0,33,15,8,15,28,3,11,10,1,0,0.944,11,3,14,29,21,0,22,13,10,13,28,5,17,0.938,2018,1.0,0.0,Binghamton,0.0,
51,03312018,binghamton, lafayette,15-6,1,15,4,19,47,25,1,32,10,11,8,25,4,6,14,1,0,0.773,6,2,8,32,20,0,33,21,3,17,25,2,10,0.824,2018,0.0,1.0,Lafayette,0.0,0.0
52,04072018,binghamton, hartford,14-10,1,14,6,20,42,27,2,31,10,4,10,28,4,10,12,1,0,1.0,10,5,15,36,22,1,31,15,4,18,28,6,13,0.941,2018,0.0,1.0,Hartford,0.0,0.0
53,04142018,binghamton, stony brook,2-5,1,2,2,4,23,10,0,19,11,5,7,11,2,5,11,0,1,1.0,5,3,8,35,16,0,12,10,7,4,11,0,8,1.000,2018,1.0,0.0,Binghamton,0.0,
54,04202018,binghamton, ualbany,7-18,1,7,2,9,20,11,0,16,18,4,7,28,5,18,17,0,1,0.688,18,13,31,50,35,2,35,10,10,21,28,3,4,0.947,2018,0.0,1.0,UAlbany,0.0,0.0
55,04272018,binghamton,stony brook,9-15,1,9,4,13,28,20,1,23,12,8,18,28,3,15,12,0,1,0.9,15,8,23,43,27,0,22,12,6,10,28,1,11,0.933,2018,1.0,0.0,Binghamton,0.0,
56,02032018,boston u, sacred heart,12-11 ,1,12,10,22,34,18,2,25,16,6,12,26,1,11,12,1,0,0.905,11,6,17,40,23,0,33,15,9,14,26,3,6,0.826,2018,1.0,0.0,Boston U,1.0,
57,02102018,boston u, ohio st,9-15,1,9,4,13,36,24,2,36,11,4,11,27,2,15,13,0,1,0.812,15,9,24,34,28,0,42,11,10,16,27,3,15,0.882,2018,0.0,1.0,Ohio St,0.0,0.0
58,02202018,boston u, umass lowell,10-4,1,10,7,17,42,21,0,25,13,6,12,18,3,4,13,1,0,0.812,4,1,5,25,17,0,17,13,4,6,18,2,11,0.667,2018,1.0,0.0,Boston U,0.0,
59,02242018,boston u, providence,8-10,1,8,4,12,29,16,1,31,11,11,8,22,1,10,12,0,1,0.85,10,4,14,43,22,0,32,13,6,14,22,1,8,0.895,2018,1.0,0.0,Boston U,0.0,
60,02272018,boston u, bryant,8-7 ,1,8,7,15,29,13,0,26,13,9,4,19,1,7,13,1,0,0.737,7,4,11,35,20,0,28,17,8,15,19,2,5,0.625,2018,0.0,1.0,Bryant,1.0,0.0
61,03032018,boston u, air force,15-9,1,15,11,26,43,25,5,29,8,3,12,28,3,9,11,1,0,0.857,9,4,13,28,20,1,18,13,3,16,28,6,10,0.692,2018,0.0,1.0,Air Force,0.0,0.0
62,03102018,boston u, sacred heart,9-16,1,9,6,15,34,17,2,20,12,9,8,28,7,16,8,0,1,0.929,16,12,28,43,24,3,30,15,5,20,28,4,8,0.889,2018,1.0,0.0,Boston U,0.0,
63,03172018,boston u, bucknell,9-16,1,9,8,17,24,17,0,31,19,9,17,29,4,16,10,0,1,0.8,16,11,27,39,26,1,37,14,13,12,29,1,8,0.944,2018,0.0,1.0,Bucknell,0.0,0.0
64,03202018,boston u, harvard,18-19 ,1,18,13,31,40,26,2,34,8,3,19,40,5,19,14,0,1,0.938,19,16,35,47,33,4,34,6,4,21,40,2,8,1.000,2018,0.0,1.0,Harvard,1.0,0.0
65,03242018,boston u, lafayette,12-8,1,12,6,18,39,26,1,36,18,7,14,23,4,8,13,1,0,0.875,8,6,14,43,21,1,32,17,9,9,23,3,14,0.800,2018,0.0,1.0,Lafayette,0.0,0.0
66,03312018,boston u,lehigh,6-7,1,6,5,11,29,19,1,23,12,11,9,17,1,7,10,0,1,0.842,7,4,11,30,17,1,29,15,7,8,17,2,13,0.850,2018,1.0,0.0,Boston U,0.0,
67,04072018,boston u,army west point,11-12 ,1,8,6,14,38,17,3,28,13,7,8,19,1,7,18,0,1,0.765,7,5,12,38,25,1,28,12,8,11,19,6,9,0.917,2018,1.0,0.0,Boston U,0.0,
68,04142018,boston u, loyola maryland,9-23,1,9,4,13,22,17,1,29,19,4,17,35,1,23,14,0,1,0.857,23,16,39,49,37,1,42,10,11,18,35,1,8,0.792,2018,0.0,1.0,Loyola Maryland,0.0,0.0
69,04202018,boston u, holy cross,9-4,1,9,6,15,21,13,2,22,17,5,4,15,5,4,10,1,0,0.852,4,4,8,43,14,2,16,13,8,11,15,4,4,0.737,2018,0.0,1.0,Holy Cross,0.0,0.0
70,04242018,boston u, bucknell,12-11,1,12,10,22,25,17,2,33,12,8,12,26,4,11,12,1,0,0.8,11,5,16,38,23,0,27,11,4,14,26,2,5,0.647,2018,0.0,1.0,Bucknell,0.0,0.0
71,04272018,boston u, loyola maryland,8-13,1,8,5,13,25,17,0,36,14,4,18,25,4,13,13,0,1,0.905,13,6,19,39,26,0,36,10,6,7,25,4,9,0.826,2018,0.0,1.0,Loyola Maryland,0.0,0.0
72,05062018,boston u, duke,9-13,1,9,4,13,43,19,1,36,16,4,17,26,1,13,12,0,1,0.727,13,8,21,35,25,1,29,10,5,9,26,3,10,1.000,2018,0.0,1.0,Duke,0.0,0.0
73,02172018,brown, quinnipiac,11-12 ,1,11,5,16,40,21,2,18,9,8,8,27,0,12,11,0,1,0.933,12,4,16,43,23,0,31,15,5,19,27,4,10,0.812,2018,0.0,1.0,Quinnipiac,1.0,0.0
74,02242018,brown, stony brook,18-11,1,18,9,27,38,26,2,33,17,6,21,32,2,11,12,1,0,1.0,11,9,20,37,23,1,22,13,7,11,32,4,8,0.714,2018,0.0,1.0,Stony Brook,0.0,0.0
75,03032018,brown,lehigh,8-10,1,8,4,12,39,13,1,28,15,8,10,21,3,10,20,0,1,0.727,10,5,15,39,30,0,31,14,6,11,21,2,5,0.818,2018,1.0,0.0,Brown,0.0,
76,03062018,brown, villanova,12-9,1,12,5,17,40,20,1,24,13,6,14,23,0,9,17,1,0,1.0,9,4,13,43,26,0,23,9,6,9,23,3,8,0.909,2018,0.0,1.0,Villanova,0.0,0.0
77,03172018,brown, harvard,8-10,1,8,8,16,45,25,1,34,14,7,14,23,4,10,9,0,1,0.933,10,8,18,31,19,1,32,19,7,9,23,4,17,0.909,2018,0.0,1.0,Harvard,0.0,0.0
78,03202018,brown, holy cross,14-13 ,1,19,10,29,33,24,1,31,21,10,14,30,7,8,13,1,0,0.8,8,4,12,43,21,0,28,23,11,16,30,6,5,0.810,2018,0.0,1.0,Holy Cross,0.0,0.0
79,03242018,brown, virginia,13-14 ,1,12,8,20,43,27,0,36,16,8,16,29,7,14,18,0,1,0.857,14,6,20,50,32,3,34,14,8,13,29,4,15,0.917,2018,1.0,0.0,Brown,0.0,
80,03312018,brown,princeton,14-13,1,14,8,22,49,31,1,39,15,7,16,31,2,13,17,1,0,0.895,13,9,22,39,30,1,30,15,5,15,31,1,17,0.857,2018,1.0,0.0,Brown,0.0,
81,04072018,brown, penn,10-11 ,1,10,4,14,27,18,2,26,16,5,14,21,1,9,9,0,1,0.938,9,3,12,39,18,0,19,11,8,7,21,5,8,0.857,2018,0.0,1.0,Penn,0.0,0.0
82,04142018,brown, massachusetts,15-27,1,15,10,25,41,27,3,40,13,3,21,43,4,27,18,0,1,0.625,27,15,42,67,45,3,45,8,8,22,43,7,12,0.938,2018,1.0,0.0,Brown,0.0,
83,04172018,brown,providence,11-12 ,1,11,7,18,41,20,4,25,9,6,14,26,6,12,13,0,1,0.929,12,6,18,42,25,2,27,13,2,12,26,5,9,0.889,2018,1.0,0.0,Brown,1.0,
84,04212018,brown, cornell,5-19,1,5,3,8,33,16,0,30,21,2,17,26,1,19,14,0,1,0.875,19,15,34,46,33,0,37,6,10,9,26,4,11,0.955,2018,0.0,1.0,Cornell,0.0,0.0
85,04242018,brown,bryant,9-17,1,9,6,15,34,17,1,25,15,6,12,29,6,17,10,0,1,0.944,17,10,27,40,27,2,36,15,6,17,29,2,8,0.882,2018,1.0,0.0,Brown,0.0,
86,04282018,brown, yale,20-6,1,20,12,32,54,32,1,41,13,5,18,29,2,6,12,1,0,0.895,6,4,10,33,18,1,21,13,7,11,29,3,12,0.824,2018,1.0,0.0,Brown,0.0,
87,05042018,brown,cornell,4-7,1,4,3,7,42,23,2,23,17,5,9,14,1,7,14,0,1,0.842,7,6,13,32,21,0,23,12,11,5,14,5,19,0.833,2018,0.0,1.0,New York NY,0.0,0.0
88,02032018,bryant,manhattan,15-7,1,15,4,19,48,22,1,31,10,4,19,25,1,7,9,1,0,0.933,7,5,12,21,16,0,15,9,4,6,25,2,7,0.857,2018,1.0,0.0,Bryant,0.0,
89,02102018,bryant, bryant,12-14,1,12,7,19,41,23,1,32,10,5,19,30,1,14,8,0,1,1.0,14,8,22,36,22,0,20,9,6,11,30,1,11,0.867,2018,1.0,0.0,Bryant,0.0,
90,02172018,bryant, providence,8-13,1,8,0,8,32,21,0,33,14,4,18,23,4,13,9,0,1,1.0,13,7,20,40,22,1,17,5,7,5,23,6,13,0.955,2018,0.0,1.0,Providence,0.0,0.0
91,02242018,bryant, hartford,15-10,1,15,8,23,37,22,2,23,13,6,10,28,3,10,7,1,0,0.875,10,8,18,27,17,1,21,17,7,18,28,3,7,0.867,2018,0.0,1.0,Hartford,0.0,0.0
92,02272018,bryant, bucknell,7-8 ,1,7,4,11,35,20,0,28,17,8,15,19,2,8,5,0,1,0.625,8,7,15,29,13,0,26,13,9,4,19,1,13,0.737,2018,1.0,0.0,Bryant,1.0,
93,03032018,bryant,yale,8-11,1,8,5,13,38,18,1,27,16,5,13,22,3,11,11,0,1,0.842,11,5,16,30,22,1,15,10,6,9,22,3,10,0.929,2018,1.0,0.0,Bryant,0.0,
94,03102018,bryant,drexel,9-12,1,9,5,14,37,22,1,37,14,3,23,24,3,12,8,0,1,1.0,12,4,16,32,20,1,17,11,10,1,24,4,13,0.818,2018,1.0,0.0,Bryant,0.0,
95,03172018,bryant, boston u,20-11,1,20,9,29,44,27,3,43,18,7,22,35,5,11,12,1,0,0.864,11,1,12,37,23,1,35,17,10,13,35,5,7,0.750,2018,1.0,0.0,Bryant,0.0,
96,03242018,bryant, sacred heart,16-7,1,16,4,20,43,29,1,38,15,2,20,27,3,7,15,1,0,1.0,7,4,11,32,22,1,24,7,8,7,27,3,13,0.882,2018,0.0,1.0,Sacred Heart,0.0,0.0
97,03302018,bryant, robert morris,10-7,1,10,6,16,29,22,1,38,13,4,14,21,3,7,8,1,0,0.867,7,5,12,25,15,2,20,17,6,7,21,2,12,1.000,2018,0.0,1.0,Robert Morris,0.0,0.0
98,04072018,bryant,wagner,11-12 ,1,8,4,12,39,23,1,32,11,10,13,15,1,3,11,0,1,1.0,3,2,5,24,14,0,21,13,9,2,15,1,15,0.810,2018,1.0,0.0,Bryant,0.0,
99,04142018,bryant, saint josephs,7-14,1,7,2,9,31,19,0,26,12,9,17,24,3,14,7,0,1,0.692,14,9,23,26,21,1,21,11,10,7,24,2,12,0.889,2018,0.0,1.0,Saint Josephs,0.0,0.0
100,04212018,bryant,hobart,13-8,1,13,6,19,39,23,0,24,8,7,10,24,1,8,8,1,0,0.944,8,7,15,31,16,0,20,14,3,14,24,2,10,0.857,2018,1.0,0.0,Bryant,0.0,
101,04242018,bryant, brown,17-9,1,17,10,27,40,27,2,36,15,6,17,29,2,9,8,1,0,0.882,9,6,15,34,17,1,25,15,6,12,29,6,10,0.944,2018,0.0,1.0,Brown,0.0,0.0
102,05032018,bryant,robert morris,5-12,1,5,2,7,42,20,1,34,20,10,17,20,0,12,5,0,1,0.818,12,8,20,22,17,0,21,14,10,3,20,3,15,0.840,2018,0.0,1.0,Philadelphia Pa,0.0,0.0
103,02032018,bucknell, hobart,11-9,1,11,7,18,41,21,1,29,7,11,10,23,3,9,5,1,0,0.8,9,6,15,24,14,2,15,17,2,13,23,3,10,0.722,2018,1.0,0.0,Bucknell,0.0,
104,02102018,bucknell, bryant,14-12,1,14,8,22,36,22,0,20,9,6,11,30,1,12,11,1,0,0.867,12,7,19,41,23,1,32,10,5,19,30,1,8,1.000,2018,0.0,1.0,Bryant,0.0,0.0
105,02172018,bucknell, richmond,8-9,1,8,4,12,36,25,0,29,12,3,12,20,5,9,13,0,1,1.0,9,4,13,36,22,3,29,12,2,8,20,4,17,0.933,2018,0.0,1.0,Richmond,0.0,0.0
106,02242018,bucknell, colgate,13-10,1,13,5,18,28,18,1,19,14,5,12,24,7,10,12,1,0,0.733,10,9,19,38,22,0,27,9,7,12,24,2,5,0.818,2018,0.0,1.0,Colgate,0.0,0.0
107,03032018,bucknell,navy,8-13,1,8,2,10,25,15,1,17,10,4,10,25,2,13,11,0,1,1.0,13,9,22,37,24,0,34,10,7,15,25,1,7,1.000,2018,1.0,0.0,Bucknell,0.0,
108,03102018,bucknell, holy cross,12-4,1,12,5,17,37,23,2,25,10,5,7,18,7,4,6,1,0,1.0,4,4,8,31,10,1,24,14,5,11,18,5,11,0.765,2018,0.0,1.0,Holy Cross,0.0,0.0
109,03172018,bucknell, ohio st,16-9,1,16,11,27,39,26,1,37,14,13,12,29,1,9,8,1,0,0.944,9,8,17,24,17,0,31,19,9,17,29,4,10,0.800,2018,1.0,0.0,Bucknell,0.0,
110,03202018,bucknell, penn,8-9,1,8,3,11,30,13,0,20,10,2,10,20,0,9,9,0,1,0.833,9,7,16,27,18,0,17,9,3,10,20,1,5,0.917,2018,0.0,1.0,Penn,0.0,0.0
111,03242018,bucknell, loyola maryland,12-11,1,12,6,18,37,20,3,27,11,6,15,27,3,11,9,1,0,0.923,11,7,18,31,20,0,24,11,7,12,27,6,8,0.846,2018,0.0,1.0,Loyola Maryland,0.0,0.0
112,03312018,bucknell, army west point,10-7,1,10,5,15,34,20,1,27,16,5,10,21,2,7,9,1,0,0.812,7,6,13,29,16,0,26,13,10,11,21,2,10,0.812,2018,0.0,1.0,Army West Point,0.0,0.0
113,04042018,bucknell, yale,9-8 ,1,9,6,15,34,18,1,19,8,7,6,19,5,8,11,1,0,0.933,8,5,13,30,19,3,26,13,4,13,19,5,9,0.706,2018,0.0,1.0,Yale,1.0,0.0
114,04072018,bucknell,mount st marys,14-9,1,14,8,22,31,18,1,27,12,16,9,26,4,9,9,1,0,0.824,9,7,16,28,18,1,30,19,6,17,26,3,4,0.923,2018,1.0,0.0,Bucknell,0.0,
115,04132018,bucknell,lafayette,15-6,1,15,8,23,45,27,1,35,8,12,17,25,1,6,7,1,0,0.882,6,4,10,26,13,0,24,15,4,8,25,2,12,0.824,2018,1.0,0.0,Bucknell,0.0,
116,04202018,bucknell, marist,14-7,1,14,13,27,43,20,1,33,8,12,9,24,2,7,9,1,0,0.938,7,5,12,25,16,1,23,13,4,15,24,5,6,0.800,2018,1.0,0.0,Bucknell,0.0,
117,04242018,bucknell, lafayette,11-12,1,11,5,16,38,23,0,27,11,4,14,26,2,12,5,0,1,0.647,12,10,22,25,17,2,33,12,8,12,26,4,12,0.800,2018,1.0,0.0,Bucknell,0.0,
118,02172018,canisius, dartmouth,12-13,1,12,9,21,26,18,5,30,15,8,13,26,6,13,11,0,1,0.929,13,6,19,41,24,4,32,15,7,13,26,7,6,0.650,2018,0.0,1.0,Dartmouth,0.0,0.0
119,02202018,canisius, binghamton,12-10,1,12,8,20,31,19,1,20,12,8,7,25,2,10,8,1,0,0.875,10,2,12,37,18,0,25,11,9,18,25,4,7,0.800,2018,0.0,1.0,Binghamton,0.0,0.0
120,02242018,canisius,furman,14-13 ,1,14,9,23,33,26,1,26,10,6,12,31,0,13,8,1,0,0.769,13,7,20,39,21,0,32,15,3,19,31,3,12,0.833,2018,0.0,1.0,Wayne Pa,1.0,0.0
121,03042018,canisius, hobart,12-11,1,12,6,18,35,26,0,26,12,6,12,27,2,11,8,1,0,0.895,11,4,15,36,19,1,31,15,4,15,27,2,14,0.857,2018,1.0,0.0,Canisius,0.0,
122,03172018,canisius, colgate,5-18,1,5,4,9,15,10,1,13,12,3,7,27,3,18,12,0,1,0.917,18,9,27,55,30,2,33,7,4,20,27,4,5,0.867,2018,0.0,1.0,Colgate,0.0,0.0
123,03202018,canisius, ualbany,11-19,1,11,7,18,34,18,1,29,13,3,8,34,3,19,13,0,1,0.947,19,11,30,49,32,2,37,11,5,26,34,2,7,0.929,2018,0.0,1.0,UAlbany,0.0,0.0
124,03242018,canisius, siena,13-12,1,13,10,23,39,25,1,26,11,4,15,28,4,12,10,1,0,0.889,12,5,17,36,22,2,14,6,6,13,28,2,12,0.938,2018,0.0,1.0,Siena,0.0,0.0
125,03272018,canisius,hobart,9-19,1,9,5,14,19,14,0,16,13,4,7,31,4,19,12,0,1,0.882,19,7,26,46,31,1,36,12,4,24,31,2,5,0.955,2018,1.0,0.0,Canisius,0.0,
126,03312018,canisius, marist,16-5,1,16,8,24,45,25,1,23,7,5,14,24,1,5,9,1,0,1.0,5,2,7,27,14,0,19,9,5,10,24,4,9,0.923,2018,0.0,1.0,Marist,0.0,0.0
127,04072018,canisius,detroit mercy,10-12,1,10,4,14,33,21,1,29,14,8,11,25,0,12,8,0,1,0.85,12,6,18,39,20,0,31,13,5,14,25,1,11,0.850,2018,1.0,0.0,Canisius,0.0,
128,04102018,canisius,robert morris,9-11,1,9,8,17,35,20,0,29,18,8,12,24,2,11,13,0,1,0.867,11,5,16,39,24,0,26,16,8,12,24,1,11,0.917,2018,1.0,0.0,Canisius,0.0,
129,04142018,canisius, quinnipiac,14-19,1,14,9,23,34,24,4,28,11,9,13,36,4,19,8,0,1,0.786,19,7,26,44,27,1,37,16,6,23,36,4,10,0.800,2018,0.0,1.0,Quinnipiac,0.0,0.0
130,04202018,canisius, cleveland st,19-11,1,19,11,30,37,31,0,37,12,14,15,33,3,11,6,1,0,0.875,11,8,19,28,17,2,35,22,5,18,33,0,12,0.692,2018,1.0,0.0,Canisius,0.0,
131,04272018,canisius,monmouth,12-13,1,12,8,20,33,24,2,27,12,5,13,28,3,13,9,0,1,1.0,13,9,22,41,22,2,22,10,5,15,28,3,12,0.889,2018,1.0,0.0,Canisius,0.0,
132,05032018,canisius,quinnipiac,11-10 ,1,11,8,19,32,20,1,26,13,8,6,25,1,10,12,1,0,0.95,10,4,14,33,22,0,36,15,4,19,25,1,9,0.706,2018,0.0,1.0,West Long Branch NJ,1.0,0.0
133,05052018,canisius,detroit mercy,10-9 ,1,10,5,15,34,19,1,31,13,6,9,23,3,9,12,1,0,0.909,9,4,13,31,21,0,31,15,6,14,23,2,9,0.950,2018,0.0,1.0,West Long Branch NJ,1.0,0.0
134,05092018,canisius, manhattan,6-12,1,6,5,11,26,12,0,26,20,3,13,22,4,12,11,0,1,0.857,12,4,16,37,23,0,27,14,8,9,22,0,6,0.944,2018,1.0,0.0,Canisius,0.0,
135,02032018,cleveland st,ohio st,6-13,1,6,2,8,19,14,0,18,15,11,6,22,3,13,9,0,1,0.818,13,4,17,40,22,1,36,15,3,16,22,1,8,0.941,2018,1.0,0.0,Cleveland St,0.0,
136,02102018,cleveland st, michigan,5-15,1,5,2,7,31,21,0,25,17,4,12,24,1,15,7,0,1,0.765,15,6,21,44,22,1,35,18,10,12,24,4,16,0.808,2018,0.0,1.0,Michigan,0.0,0.0
137,02132018,cleveland st, ohio st,9-10 ,1,9,5,14,48,18,4,33,13,8,12,22,4,10,6,0,1,0.8,10,3,13,34,16,1,28,16,6,10,22,7,9,0.842,2018,1.0,0.0,Cleveland St,1.0,
138,02172018,cleveland st, bellarmine,9-13,1,9,5,14,35,21,1,17,13,7,9,23,4,13,6,0,1,0.812,13,10,23,32,19,3,28,19,9,14,23,8,12,0.824,2018,0.0,1.0,Bellarmine,0.0,0.0
139,02232018,cleveland st, air force,8-7,1,8,5,13,30,17,1,14,11,3,6,17,1,7,12,1,0,1.0,7,2,9,30,19,0,21,14,7,11,17,2,9,0.929,2018,0.0,1.0,Air Force,0.0,0.0
140,02252018,cleveland st, denver,8-17,1,8,5,13,29,17,0,23,14,9,4,28,3,17,8,0,1,0.818,17,9,26,40,25,1,36,21,6,24,28,1,9,0.700,2018,0.0,1.0,Denver,0.0,0.0
141,03042018,cleveland st, canisius,11-12,1,11,4,15,36,19,1,31,15,4,15,27,2,12,14,0,1,0.857,12,6,18,35,26,0,26,12,6,12,27,2,8,0.895,2018,0.0,1.0,Canisius,0.0,0.0
142,03132018,cleveland st, mercer,12-6,1,12,5,17,44,24,0,35,17,7,10,22,2,6,11,1,0,0.857,6,2,8,35,17,0,34,18,10,12,22,4,12,0.800,2018,1.0,0.0,Cleveland St,0.0,
143,03182018,cleveland st, marquette,3-9,1,3,0,3,26,10,0,25,21,5,10,16,2,9,17,0,1,0.842,9,2,11,39,26,1,27,11,15,6,16,5,7,0.920,2018,1.0,0.0,Cleveland St,0.0,
144,03242018,cleveland st, penn st,5-16,1,5,2,7,25,14,0,24,16,4,11,24,3,16,13,0,1,0.833,16,10,26,50,29,2,26,7,12,13,24,3,9,0.933,2018,0.0,1.0,Penn St,0.0,0.0
145,04072018,cleveland st,north carolina,19-6,1,19,12,31,57,37,3,43,14,9,23,29,1,6,8,1,0,1.0,6,1,7,24,14,0,23,14,8,6,29,6,18,0.955,2018,1.0,0.0,Cleveland St,0.0,
146,04142018,cleveland st, robert morris,5-14,1,5,4,9,34,22,1,22,13,10,16,22,3,14,13,0,1,1.0,14,10,24,31,27,1,26,12,11,6,22,3,17,0.870,2018,0.0,1.0,Robert Morris,0.0,0.0
147,04212018,cleveland st,sacred heart,15-9,1,15,8,23,40,25,1,32,14,5,16,27,4,9,12,1,0,0.833,9,4,13,40,21,2,26,10,6,11,27,4,10,0.850,2018,1.0,0.0,Cleveland St,0.0,
148,04282018,cleveland st, detroit mercy,6-12,1,6,3,9,33,16,0,32,20,12,8,21,2,12,12,0,1,0.857,12,7,19,38,24,1,39,17,12,13,21,4,10,0.880,2018,0.0,1.0,Detroit Mercy,0.0,0.0
149,02102018,colgate, marist,18-12,1,18,11,29,45,28,2,35,8,7,18,32,9,12,8,1,0,1.0,12,7,19,32,20,3,20,12,3,14,32,3,10,0.857,2018,0.0,1.0,Marist,0.0,0.0
150,02132018,colgate, utah,21-7,1,21,11,32,44,34,2,38,13,4,23,29,4,7,7,1,0,0.909,7,3,10,21,14,0,15,14,4,6,29,8,13,0.625,2018,1.0,0.0,Colgate,0.0,
151,02172018,colgate,cornell,14-11,1,14,9,23,37,24,1,33,8,7,22,29,3,11,9,1,0,0.909,11,6,17,30,20,1,17,9,2,7,29,4,10,0.706,2018,1.0,0.0,Colgate,0.0,
152,02242018,colgate, syracuse,10-13,1,10,9,19,38,22,0,27,9,7,12,24,2,13,5,0,1,0.818,13,5,18,28,18,1,19,14,5,12,24,7,12,0.733,2018,1.0,0.0,Colgate,0.0,
153,03032018,colgate, lehigh,7-10,1,7,3,10,19,13,0,18,17,6,9,20,4,10,3,0,1,0.688,10,8,18,26,13,0,33,13,9,11,20,2,6,1.000,2018,0.0,1.0,Lehigh,0.0,0.0
154,03062018,colgate, hobart,11-12,1,11,3,14,34,20,0,25,14,4,12,26,2,12,12,0,1,0.905,12,3,15,44,24,0,32,11,8,14,26,2,9,0.944,2018,0.0,1.0,Hobart,0.0,0.0
155,03102018,colgate, boston u,16-9,1,16,12,28,43,24,3,30,15,5,20,28,4,9,8,1,0,0.889,9,6,15,34,17,2,20,12,9,8,28,7,8,0.929,2018,0.0,1.0,Boston U,0.0,0.0
156,03172018,colgate,canisius,18-5,1,18,9,27,55,30,2,33,7,4,20,27,4,5,5,1,0,0.867,5,4,9,15,10,1,13,12,3,7,27,3,12,0.917,2018,1.0,0.0,Colgate,0.0,
157,03242018,colgate, canisius,8-6,1,8,1,9,28,16,0,25,15,5,12,18,2,6,12,1,0,0.722,6,4,10,35,18,0,21,10,9,6,18,0,8,0.882,2018,1.0,0.0,Colgate,0.0,
158,03312018,colgate,loyola maryland,7-11,1,7,4,11,31,17,2,32,19,4,17,22,3,11,14,0,1,0.875,11,7,18,33,25,0,29,10,11,5,22,6,10,0.882,2018,1.0,0.0,Colgate,0.0,
159,04072018,colgate, navy,10-12,1,10,3,13,47,20,0,28,12,8,12,25,1,12,8,0,1,1.0,12,9,21,37,20,1,26,15,2,13,25,0,10,0.824,2018,0.0,1.0,Navy,0.0,0.0
160,04142018,colgate, loyola maryland,10-12,1,10,7,17,38,23,1,23,13,6,11,24,4,12,12,0,1,0.833,12,4,16,39,24,2,22,15,4,13,24,3,13,0.941,2018,1.0,0.0,Colgate,0.0,
161,04202018,colgate, lafayette,17-9,1,17,11,28,41,25,4,35,6,5,16,28,6,9,10,1,0,1.0,9,3,12,32,19,0,23,10,3,12,28,6,8,0.786,2018,0.0,1.0,Lafayette,0.0,0.0
162,04242018,colgate, lehigh,6-11,1,6,3,9,31,19,0,36,13,10,9,20,3,11,11,0,1,0.882,11,8,19,32,22,1,26,15,9,11,20,1,13,0.889,2018,0.0,1.0,Lehigh,0.0,0.0
163,05052018,colgate, syracuse,5-17,1,5,2,7,34,12,1,18,16,3,12,26,4,17,12,0,1,0.778,17,9,26,41,29,3,33,10,10,14,26,3,7,0.941,2018,0.0,1.0,Syracuse,0.0,0.0
164,02172018,cornell, colgate,11-14,1,11,6,17,30,20,1,17,9,2,7,29,4,14,10,0,1,0.706,14,9,23,37,24,1,33,8,7,22,29,3,9,0.909,2018,0.0,1.0,Colgate,0.0,0.0
165,02242018,cornell, hobart,15-8,1,15,10,25,32,23,1,28,14,6,13,26,6,8,19,1,0,0.739,8,5,13,39,27,1,25,9,6,13,26,2,8,0.917,2018,1.0,0.0,Cornell,0.0,
166,03042018,cornell, ualbany,9-11,1,9,4,13,33,16,1,18,11,8,0,24,7,11,19,0,1,0.852,11,8,19,40,30,2,46,16,5,24,24,2,7,0.938,2018,0.0,1.0,UAlbany,0.0,0.0
167,03062018,cornell,binghamton,18-2,1,18,14,32,35,25,1,28,9,8,12,24,5,2,10,1,0,0.955,2,0,2,26,12,0,22,16,5,12,24,3,7,0.733,2018,1.0,0.0,Cornell,0.0,
168,03102018,cornell,penn st,9-7,1,9,6,15,41,22,0,28,12,8,8,19,1,7,13,1,0,0.75,7,6,13,29,20,0,21,14,5,11,19,6,13,0.706,2018,0.0,1.0,Sparks Md,0.0,0.0
169,03172018,cornell,towson,11-13,1,11,5,16,37,17,1,23,14,4,17,28,1,13,11,0,1,0.917,13,3,16,33,24,0,22,10,5,11,28,3,6,0.833,2018,1.0,0.0,Cornell,0.0,
170,03242018,cornell, penn,20-13,1,20,13,33,46,30,2,31,6,4,21,36,0,13,6,1,0,1.0,13,7,20,24,19,0,20,10,1,15,36,3,10,0.900,2018,0.0,1.0,Penn,0.0,0.0
171,03272018,cornell,air force,23-5,1,23,17,40,37,30,1,35,8,7,21,31,3,5,6,1,0,0.933,5,2,7,19,11,1,18,15,4,10,31,2,7,0.529,2018,1.0,0.0,Cornell,0.0,
172,03312018,cornell, dartmouth,22-11,1,22,18,40,35,27,2,44,15,8,21,36,5,11,12,1,0,0.933,11,6,17,37,23,3,34,13,7,15,36,3,5,1.000,2018,0.0,1.0,Dartmouth,0.0,0.0
173,04072018,cornell,harvard,15-11,1,15,12,27,40,26,0,32,11,6,19,30,8,11,10,1,0,0.929,11,7,18,37,21,5,20,13,3,11,30,3,11,0.765,2018,1.0,0.0,Cornell,0.0,
174,04102018,cornell, harvard,13-8,1,13,9,22,33,22,1,43,15,8,13,25,1,8,14,1,0,0.864,8,5,13,30,22,0,30,14,9,12,25,3,9,0.933,2018,1.0,0.0,Cornell,0.0,
175,04142018,cornell, lehigh,12-10,1,12,8,20,23,17,2,30,15,9,7,25,4,10,10,1,0,0.81,10,3,13,32,20,3,39,16,10,18,25,8,5,0.818,2018,0.0,1.0,Lehigh,0.0,0.0
176,04212018,cornell, notre dame,19-5,1,19,15,34,46,33,0,37,6,10,9,26,4,5,11,1,0,0.955,5,3,8,33,16,0,30,21,2,17,26,1,14,0.875,2018,1.0,0.0,Cornell,0.0,
177,04282018,cornell, princeton,8-14,1,8,5,13,33,18,2,25,10,10,10,24,5,14,7,0,1,0.889,14,6,20,38,21,0,28,14,6,14,24,5,10,0.857,2018,0.0,1.0,Princeton,0.0,0.0
178,05042018,cornell,brown,7-4,1,7,6,13,32,21,0,23,12,11,5,14,5,4,19,1,0,0.833,4,3,7,42,23,2,23,17,5,9,14,1,14,0.842,2018,0.0,1.0,New York NY,0.0,0.0
179,05062018,cornell,yale,14-8,1,14,10,24,22,16,0,26,17,8,10,26,0,8,16,1,0,0.864,8,1,9,35,24,0,30,11,13,16,26,0,2,0.889,2018,0.0,1.0,New York NY,0.0,0.0
180,05132018,cornell, syracuse,10-9,1,10,7,17,35,22,3,21,12,7,6,22,3,9,8,1,0,0.867,9,4,13,37,17,0,37,15,9,16,22,4,12,0.812,2018,0.0,1.0,Syracuse,0.0,0.0
181,05202018,cornell,maryland,8-13,1,8,7,15,38,16,0,30,9,4,9,24,1,13,7,0,1,0.769,13,10,23,30,20,1,23,12,5,15,24,3,8,0.867,2018,0.0,1.0,Annapolis Md,0.0,0.0
182,02172018,dartmouth, wagner,13-12,1,13,6,19,41,24,4,32,15,7,13,26,7,12,6,1,0,0.65,12,9,21,26,18,5,30,15,8,13,26,6,11,0.929,2018,1.0,0.0,Dartmouth,0.0,
183,02202018,dartmouth, boston u,4-10,1,4,1,5,25,17,0,17,13,4,6,18,2,10,11,0,1,0.667,10,7,17,42,21,0,25,13,6,12,18,3,13,0.812,2018,0.0,1.0,Boston U,0.0,0.0
184,02242018,dartmouth, sacred heart,11-17,1,11,7,18,30,20,2,29,17,8,9,32,3,17,11,0,1,0.87,17,7,24,46,28,3,32,12,12,23,32,3,9,0.933,2018,0.0,1.0,Sacred Heart,0.0,0.0
185,03032018,dartmouth, st johns ,9-8,1,9,7,16,33,17,0,38,13,10,4,20,6,8,12,1,0,0.857,8,6,14,32,20,2,30,16,6,16,20,3,8,0.765,2018,1.0,0.0,Dartmouth,0.0,
186,03172018,dartmouth, st johns ,5-12,1,5,2,7,25,15,0,26,14,3,11,20,3,12,12,0,1,0.875,12,4,16,39,24,2,35,11,9,9,20,5,10,0.800,2018,0.0,1.0,St Johns ,0.0,0.0
187,03202018,dartmouth, virginia,6-12,1,6,1,7,23,14,0,31,18,5,8,21,2,12,12,0,1,0.85,12,10,22,40,24,0,45,12,14,13,21,1,8,0.864,2018,0.0,1.0,Virginia,0.0,0.0
188,03242018,dartmouth, harvard,8-10,1,8,2,10,29,18,1,25,15,4,11,22,3,10,15,0,1,0.818,10,6,16,38,25,0,28,12,6,11,22,3,10,1.000,2018,0.0,1.0,Harvard,0.0,0.0
189,03312018,dartmouth,cornell,11-22,1,11,6,17,37,23,3,34,13,7,15,36,3,22,5,0,1,1.0,22,18,40,35,27,2,44,15,8,21,36,5,12,0.933,2018,1.0,0.0,Dartmouth,0.0,
190,04072018,dartmouth,yale,7-17,1,7,2,9,31,17,1,25,18,8,7,27,4,17,8,0,1,0.783,17,10,27,43,25,3,40,20,11,20,27,7,10,0.909,2018,1.0,0.0,Dartmouth,0.0,
191,04102018,dartmouth, umass lowell,8-9 ,1,8,4,12,38,25,1,36,18,8,12,21,5,9,14,0,1,0.833,9,3,12,39,23,2,43,16,13,9,21,5,17,0.773,2018,0.0,1.0,UMass Lowell,1.0,0.0
192,04142018,dartmouth, princeton,13-24,1,13,11,24,33,24,0,28,13,6,18,40,7,24,9,0,1,0.571,24,18,42,51,33,4,33,7,6,22,40,6,11,0.900,2018,0.0,1.0,Princeton,0.0,0.0
193,04212018,dartmouth, mount st marys,9-10 ,1,9,4,13,26,15,1,33,15,10,8,23,3,10,14,0,1,0.765,10,7,17,42,24,0,30,17,7,15,23,5,6,0.944,2018,1.0,0.0,Dartmouth,1.0,
194,04282018,dartmouth, brown,6-20,1,6,4,10,33,18,1,21,13,7,11,29,3,20,12,0,1,0.824,20,12,32,54,32,1,41,13,5,18,29,2,12,0.895,2018,0.0,1.0,Brown,0.0,0.0
195,02102018,delaware,mount st marys,16-12,1,16,9,25,43,28,1,29,12,13,15,31,2,12,11,1,0,0.9,12,5,17,31,23,0,23,18,7,16,31,6,12,0.667,2018,1.0,0.0,Delaware,0.0,
196,02172018,delaware,njit,11-6,1,11,3,14,45,23,0,32,8,7,13,21,3,6,14,1,0,0.933,6,3,9,34,20,2,24,12,4,8,21,2,12,0.857,2018,1.0,0.0,Delaware,0.0,
197,02242018,delaware, monmouth,15-11,1,15,9,24,41,25,3,38,14,7,22,30,4,11,12,1,0,0.818,11,5,16,33,23,2,23,10,9,8,30,7,10,0.857,2018,0.0,1.0,Monmouth,0.0,0.0
198,03032018,delaware,villanova,12-13,1,12,3,15,35,19,0,19,4,3,10,27,5,13,15,0,1,0.857,13,7,20,43,28,3,21,3,2,17,27,4,7,1.000,2018,1.0,0.0,Delaware,0.0,
199,03062018,delaware,mercer,8-10,1,8,6,14,35,15,1,31,14,11,14,21,4,10,8,0,1,0.8,10,7,17,28,18,1,19,13,14,7,21,6,7,0.714,2018,1.0,0.0,Delaware,0.0,
200,03102018,delaware, binghamton,7-8 ,1,7,3,10,38,21,0,24,12,9,14,20,3,8,12,0,1,0.846,8,4,12,43,20,0,23,12,9,6,20,3,14,1.000,2018,0.0,1.0,Binghamton,1.0,0.0
201,03172018,delaware, johns hopkins,8-14,1,8,2,10,35,13,1,17,8,3,6,26,2,14,13,0,1,0.933,14,10,24,50,27,0,27,10,5,20,26,3,5,0.900,2018,0.0,1.0,Johns Hopkins,0.0,0.0
202,03242018,delaware, rutgers,10-15,1,10,3,13,35,20,0,29,17,3,15,29,5,15,12,0,1,0.818,15,9,24,44,27,1,30,10,11,14,29,5,10,0.867,2018,0.0,1.0,Rutgers,0.0,0.0
203,03312018,delaware, drexel,11-10,1,11,5,16,33,20,0,35,13,6,14,25,2,10,10,1,0,0.778,10,3,13,25,20,0,23,11,5,11,25,3,9,0.875,2018,1.0,0.0,Delaware,0.0,
204,04062018,delaware,massachusetts,8-9,1,8,2,10,30,20,1,18,13,6,4,18,4,9,9,0,1,0.762,9,4,13,34,18,0,30,15,6,14,18,4,12,0.900,2018,1.0,0.0,Delaware,0.0,
205,04142018,delaware, hofstra,10-9,1,10,5,15,26,20,0,22,6,6,6,22,0,9,12,1,0,1.0,9,4,13,36,21,0,25,9,2,16,22,2,10,1.000,2018,0.0,1.0,Hofstra,0.0,0.0
206,04212018,delaware, towson,7-13,1,7,5,12,27,12,3,18,8,5,2,24,2,13,14,0,1,0.895,13,6,19,48,27,0,40,13,3,22,24,5,5,0.733,2018,0.0,1.0,Towson,0.0,0.0
207,04272018,delaware,towson,17-8,1,17,7,24,56,30,1,28,11,3,16,29,3,8,9,1,0,1.0,8,4,12,30,17,1,21,9,3,13,29,5,13,1.000,2018,1.0,0.0,Delaware,0.0,
208,05032018,delaware,towson,8-9 ,1,8,4,12,30,17,2,28,12,8,5,21,1,9,14,0,1,0.944,9,5,14,34,23,0,24,10,5,16,21,2,9,0.875,2018,0.0,1.0,Amherst MA,1.0,0.0
209,02102018,denver, air force,11-5,1,11,8,19,33,23,1,24,5,3,9,18,1,5,9,1,0,1.0,5,2,7,31,14,1,14,14,3,9,18,2,12,0.800,2018,0.0,1.0,Air Force,0.0,0.0
210,02162018,denver, duke,12-15,1,12,6,18,29,21,2,23,15,0,23,30,5,15,5,0,1,0.727,15,6,21,31,20,2,24,8,7,7,30,4,9,1.000,2018,0.0,1.0,Duke,0.0,0.0
211,02252018,denver,cleveland st,17-8,1,17,9,26,40,25,1,36,21,6,24,28,1,8,9,1,0,0.7,8,5,13,29,17,0,23,14,9,4,28,3,8,0.818,2018,1.0,0.0,Denver,0.0,
212,03032018,denver, furman,13-8,1,13,8,21,31,25,3,31,16,4,23,24,1,8,6,1,0,0.81,8,4,12,24,14,0,21,10,6,1,24,3,12,0.889,2018,0.0,1.0,Furman,0.0,0.0
213,03052018,denver, north carolina,10-6,1,10,6,16,21,14,0,30,16,4,12,20,4,6,9,1,0,0.812,6,4,10,28,15,2,20,10,4,8,20,1,4,0.882,2018,0.0,1.0,North Carolina,0.0,0.0
214,03102018,denver, notre dame,9-11,1,9,6,15,27,17,3,28,12,6,15,24,2,11,7,0,1,0.769,11,3,14,26,18,1,24,12,5,9,24,6,8,0.833,2018,0.0,1.0,Notre Dame,0.0,0.0
215,03172018,denver, princeton,12-7,1,12,9,21,36,19,1,28,8,11,14,23,4,7,4,1,0,1.0,7,5,12,27,11,0,23,15,4,9,23,3,7,0.923,2018,1.0,0.0,Denver,0.0,
216,03242018,denver,towson,11-10 ,1,11,6,17,37,24,3,28,15,4,21,24,1,10,6,1,0,0.938,10,4,14,30,16,1,20,8,8,3,24,6,13,0.950,2018,1.0,0.0,Denver,1.0,
217,03312018,denver, georgetown,6-5,1,6,1,7,36,15,0,20,10,6,12,15,1,5,7,1,0,0.917,5,5,10,24,12,0,19,11,6,3,15,1,9,0.867,2018,0.0,1.0,Georgetown,0.0,0.0
218,04062018,denver, villanova,22-6,1,22,13,35,43,29,3,31,10,3,27,30,6,6,8,1,0,0.875,6,3,9,34,14,2,16,7,1,3,30,6,7,0.846,2018,0.0,1.0,Villanova,0.0,0.0
219,04142018,denver,st johns ,15-6,1,15,12,27,42,27,2,29,12,5,19,24,1,6,10,1,0,0.947,6,5,11,33,16,0,28,7,7,5,24,2,12,0.850,2018,1.0,0.0,Denver,0.0,
220,04212018,denver, providence,13-6,1,13,8,21,37,23,0,28,8,4,18,23,2,6,5,1,0,1.0,6,2,8,30,11,1,16,8,5,5,23,1,10,0.933,2018,0.0,1.0,Providence,0.0,0.0
221,04282018,denver,marquette,7-4,1,7,4,11,37,21,2,30,14,8,11,13,1,4,6,1,0,0.938,4,2,6,25,10,0,19,12,4,2,13,5,14,0.833,2018,1.0,0.0,Denver,0.0,
222,05032018,denver,marquette,10-7,1,10,3,13,38,19,0,19,7,4,14,21,3,7,4,1,0,1.0,7,5,12,26,11,2,13,10,2,7,21,2,9,0.800,2018,0.0,1.0,Villanova Pa,0.0,0.0
223,05052018,denver,georgetown,3-8,1,3,2,5,37,17,0,20,9,7,11,15,0,8,6,0,1,0.938,8,4,12,24,14,0,15,9,5,4,15,0,14,0.947,2018,0.0,1.0,Villanova Pa,0.0,0.0
224,05132018,denver, notre dame,9-7,1,9,6,15,31,12,0,24,15,5,14,20,5,7,10,1,0,0.765,7,4,11,29,17,2,25,9,5,6,20,2,3,0.867,2018,0.0,1.0,Notre Dame,0.0,0.0
225,05192018,denver,ualbany,13-15,1,13,7,20,34,20,1,25,9,3,15,30,4,15,10,0,1,0.875,15,9,24,39,25,2,25,5,6,15,30,2,7,1.000,2018,0.0,1.0,Hempstead NY,0.0,0.0
226,02112018,detroit mercy, notre dame,7-10,1,7,5,12,33,16,1,17,12,8,7,20,1,10,11,0,1,0.905,10,6,16,26,21,0,22,21,7,13,20,2,9,0.818,2018,0.0,1.0,Notre Dame,0.0,0.0
227,02182018,detroit mercy, mercer,8-7 ,1,8,5,13,33,18,0,27,21,13,8,19,5,7,10,1,0,0.81,7,3,10,36,17,1,28,19,11,11,19,2,10,0.957,2018,0.0,1.0,Mercer,1.0,0.0
228,02202018,detroit mercy, jacksonville,8-15,1,8,4,12,26,18,2,22,10,12,2,26,6,15,6,0,1,0.882,15,8,23,35,21,2,39,18,5,24,26,11,10,0.941,2018,0.0,1.0,Jacksonville,0.0,0.0
229,02242018,detroit mercy, quinnipiac,6-13,1,6,4,10,21,13,0,18,16,8,6,22,7,13,10,0,1,0.824,13,6,19,45,23,2,33,14,8,16,22,1,7,0.722,2018,1.0,0.0,Detroit Mercy,0.0,
230,03022018,detroit mercy,bellarmine,11-5,1,11,6,17,35,24,0,37,18,12,8,20,5,5,14,1,0,1.0,5,2,7,26,19,2,25,20,7,12,20,4,13,0.619,2018,0.0,1.0,Pontiac Mich,0.0,0.0
231,03042018,detroit mercy,ohio st,7-8,1,7,6,13,23,13,1,22,14,9,4,18,3,8,14,0,1,0.905,8,5,13,36,22,2,32,16,8,14,18,2,6,1.000,2018,0.0,1.0,Pontiac Mich,0.0,0.0
232,03112018,detroit mercy,air force,7-9,1,7,3,10,35,20,1,28,16,8,13,18,3,9,11,0,1,0.8,9,2,11,33,20,1,27,9,6,5,18,4,13,1.000,2018,1.0,0.0,Detroit Mercy,0.0,
233,03172018,detroit mercy,marist,14-10,1,14,6,20,47,28,1,31,8,4,17,27,6,10,9,1,0,0.929,10,3,13,31,19,2,19,9,4,10,27,6,14,0.889,2018,1.0,0.0,Detroit Mercy,0.0,
234,03242018,detroit mercy, monmouth,9-8 ,1,9,5,14,35,21,2,19,15,4,11,20,7,8,11,1,0,0.786,8,4,12,40,19,1,29,10,9,9,20,4,12,1.000,2018,0.0,1.0,Monmouth,1.0,0.0
235,03312018,detroit mercy, cleveland st,11-14,1,11,8,19,42,23,2,37,21,7,15,25,5,14,14,0,1,0.818,14,10,24,40,28,3,31,13,10,10,25,6,12,0.818,2018,1.0,0.0,Detroit Mercy,0.0,
236,04072018,detroit mercy, canisius,12-10,1,12,6,18,39,20,0,31,13,5,14,25,1,10,11,1,0,0.85,10,4,14,33,21,1,29,14,8,11,25,0,8,0.850,2018,0.0,1.0,Canisius,0.0,0.0
237,04142018,detroit mercy, manhattan,18-8,1,18,13,31,43,32,0,37,14,12,13,29,4,8,12,1,0,1.0,8,5,13,39,20,0,26,20,4,16,29,2,14,0.895,2018,0.0,1.0,Manhattan,0.0,0.0
238,04202018,detroit mercy,siena,14-15 ,1,14,9,23,53,27,2,37,10,12,11,25,2,8,15,0,1,0.955,8,3,11,37,23,0,25,19,6,14,25,9,13,0.947,2018,1.0,0.0,Detroit Mercy,0.0,
239,04282018,detroit mercy, michigan,17-16 ,1,12,7,19,38,24,1,39,17,12,13,21,4,6,10,1,0,0.88,6,3,9,33,16,0,32,20,12,8,21,2,12,0.857,2018,1.0,0.0,Detroit Mercy,0.0,
240,05032018,detroit mercy, monmouth,12-9,1,12,5,17,31,28,2,37,10,5,17,25,1,9,11,1,0,0.867,9,2,11,41,20,0,22,6,6,8,25,5,16,1.000,2018,0.0,1.0,Monmouth,0.0,0.0
241,05052018,detroit mercy,canisius,9-10 ,1,9,4,13,31,21,0,31,15,6,14,23,2,10,9,0,1,0.95,10,5,15,34,19,1,31,13,6,9,23,3,12,0.909,2018,0.0,1.0,West Long Branch NJ,1.0,0.0
242,02172018,drexel,saint josephs,8-13,1,8,6,14,36,17,1,30,16,5,8,25,3,13,10,0,1,0.941,13,6,19,44,23,1,34,12,12,17,25,6,9,0.750,2018,1.0,0.0,Drexel,0.0,
243,02242018,drexel, ualbany,5-18,1,5,3,8,28,15,1,20,13,7,2,27,5,18,10,0,1,0.81,18,11,29,53,28,2,45,17,6,25,27,4,10,0.889,2018,0.0,1.0,UAlbany,0.0,0.0
244,02272018,drexel, villanova,9-12,1,9,6,15,25,17,1,25,13,8,11,24,5,12,11,0,1,0.917,12,7,19,52,23,1,25,15,8,13,24,3,8,1.000,2018,0.0,1.0,Villanova,0.0,0.0
245,03032018,drexel, providence,15-5,1,15,7,22,38,24,2,34,11,8,11,24,4,5,11,1,0,1.0,5,1,6,25,16,0,22,16,5,13,24,5,9,0.857,2018,1.0,0.0,Drexel,0.0,
246,03102018,drexel, bryant,12-9,1,12,4,16,32,20,1,17,11,10,1,24,4,9,13,1,0,0.818,9,5,14,37,22,1,37,14,3,23,24,3,8,1.000,2018,0.0,1.0,Bryant,0.0,0.0
247,03132018,drexel, saint josephs,9-10,1,9,4,13,35,20,1,25,12,1,14,21,3,10,12,0,1,0.938,10,5,15,34,22,2,25,8,8,7,21,6,11,0.895,2018,0.0,1.0,Saint Josephs,0.0,0.0
248,03172018,drexel,georgetown,15-10,1,15,6,21,32,20,2,23,18,5,21,27,4,10,12,1,0,0.923,10,3,13,32,22,0,18,12,13,6,27,7,5,0.938,2018,1.0,0.0,Drexel,0.0,
249,03252018,drexel, hofstra,11-10 ,1,11,6,17,38,22,2,23,12,5,15,26,4,10,10,1,0,0.944,10,6,16,35,20,3,25,9,8,11,26,3,11,1.000,2018,1.0,0.0,Drexel,1.0,
250,03312018,drexel,massachusetts,10-11,1,10,3,13,35,16,2,22,16,7,12,25,3,11,9,0,1,0.85,11,6,17,27,20,0,30,17,8,13,25,2,6,1.000,2018,1.0,0.0,Drexel,0.0,
251,04062018,drexel, towson,9-17,1,9,5,14,35,19,1,20,17,4,15,30,4,17,7,0,1,0.714,17,9,26,46,24,0,24,10,6,15,30,5,10,0.944,2018,0.0,1.0,Towson,0.0,0.0
252,04142018,drexel, fairfield,16-14,1,16,14,30,31,21,1,32,18,1,25,33,6,14,8,1,0,0.917,14,11,25,34,22,3,22,4,7,8,33,3,5,0.800,2018,0.0,1.0,Fairfield,0.0,0.0
253,04212018,drexel, furman,8-16,1,8,3,11,25,16,1,18,14,4,15,28,3,16,11,0,1,0.833,16,7,23,40,27,2,25,8,8,13,28,4,8,0.889,2018,1.0,0.0,Drexel,0.0,
254,04272018,drexel, delaware,8-17,1,8,4,12,30,17,1,21,9,3,13,29,5,17,13,0,1,1.0,17,7,24,56,30,1,28,11,3,16,29,3,9,1.000,2018,0.0,1.0,Delaware,0.0,0.0
255,02032018,duke, jacksonville,18-4,1,18,12,30,38,27,1,32,7,9,10,26,5,4,10,1,0,0.944,4,1,5,26,14,1,23,13,2,16,26,1,9,0.667,2018,1.0,0.0,Duke,0.0,
256,02082018,duke,high point,18-6,1,18,7,25,41,29,2,30,10,7,16,27,2,6,7,1,0,0.938,6,3,9,21,13,0,25,16,1,11,27,3,11,0.786,2018,1.0,0.0,Duke,0.0,
257,02102018,duke,jacksonville,19-8,1,19,14,33,40,30,1,42,12,12,12,30,2,8,9,1,0,0.944,8,5,13,24,17,1,30,26,3,18,30,2,11,0.938,2018,1.0,0.0,Duke,0.0,
258,02162018,duke, richmond,15-12,1,15,6,21,31,20,2,24,8,7,7,30,4,12,9,1,0,1.0,12,6,18,29,21,2,23,15,0,23,30,5,5,0.727,2018,1.0,0.0,Duke,0.0,
259,02242018,duke, penn,9-10,1,9,3,12,32,19,0,16,7,7,7,22,0,10,11,0,1,0.923,10,8,18,35,21,0,30,13,4,15,22,2,10,0.917,2018,0.0,1.0,Penn,0.0,0.0
260,03032018,duke,richmond,14-4,1,14,7,21,36,24,1,42,15,12,12,21,3,4,10,1,0,0.857,4,1,5,24,14,0,28,25,3,9,21,1,10,0.833,2018,1.0,0.0,Duke,0.0,
261,03102018,duke, loyola maryland,13-9,1,13,6,19,38,26,1,35,22,12,17,25,5,9,8,1,0,0.767,9,5,14,30,17,2,30,16,15,8,25,2,13,0.895,2018,0.0,1.0,Loyola Maryland,0.0,0.0
262,03172018,duke, towson,8-9 ,1,10,8,18,33,23,1,20,9,7,8,21,2,8,14,0,1,0.938,8,3,11,33,22,0,20,17,1,13,21,2,13,0.706,2018,0.0,1.0,Towson,0.0,0.0
263,03182018,duke, cleveland st,9-3,1,9,2,11,39,26,1,27,11,15,6,16,5,3,7,1,0,0.92,3,0,3,26,10,0,25,21,5,10,16,2,17,0.842,2018,0.0,1.0,Cleveland St,0.0,0.0
264,03242018,duke,syracuse,14-15,1,14,10,24,42,27,2,34,13,4,20,32,5,15,13,0,1,0.818,15,6,21,34,28,1,31,8,4,12,32,4,13,0.875,2018,1.0,0.0,Duke,0.0,
265,03302018,duke,north carolina,11-10,1,11,8,19,33,20,0,32,11,5,17,24,2,10,9,1,0,0.842,10,5,15,36,19,0,24,8,4,7,24,0,9,0.846,2018,1.0,0.0,Duke,0.0,
266,04072018,duke, notre dame,10-9 ,1,8,4,12,23,14,1,30,11,9,5,13,3,2,4,1,0,0.824,2,1,3,25,6,0,19,16,7,8,13,2,6,0.857,2018,0.0,1.0,Notre Dame,0.0,0.0
267,04142018,duke, virginia,18-13,1,18,10,28,43,27,2,44,15,4,21,35,7,13,10,1,0,0.81,13,10,23,39,23,4,33,13,8,14,35,4,9,0.875,2018,0.0,1.0,Virginia,0.0,0.0
268,04202018,duke,marquette,17-5,1,17,10,27,40,23,0,32,13,9,12,26,3,5,11,1,0,0.905,5,1,6,35,16,0,32,13,7,14,26,0,6,0.917,2018,1.0,0.0,Duke,0.0,
269,04272018,duke,notre dame,14-13 ,1,11,6,17,30,21,0,29,9,2,15,28,2,14,8,1,0,0.8,14,6,20,38,22,1,30,7,4,13,28,4,10,1.000,2018,0.0,1.0,Charlottesville Va,0.0,0.0
270,05062018,duke,virginia,12-13 ,1,13,8,21,35,25,1,29,10,5,9,26,3,9,10,0,1,1.0,9,4,13,43,19,1,36,16,4,17,26,1,12,0.727,2018,1.0,0.0,Duke,0.0,
271,05122018,duke,villanova,17-11,1,17,12,29,45,26,1,38,15,6,25,32,8,11,9,1,0,0.941,11,7,18,36,20,4,17,9,8,7,32,2,9,0.867,2018,1.0,0.0,Duke,0.0,
272,05202018,duke,johns hopkins,14-9,1,14,3,17,42,23,0,26,9,3,18,25,9,9,11,1,0,0.867,9,8,17,44,20,3,24,8,4,7,25,3,9,0.875,2018,0.0,1.0,Annapolis Md,0.0,0.0
273,05262018,duke,maryland,13-8,1,13,8,21,38,27,0,33,6,11,10,25,1,8,12,1,0,1.0,8,6,14,28,20,1,31,13,3,15,25,1,14,0.889,2018,0.0,1.0,Foxborough Mass,0.0,0.0
274,05282018,duke,yale,11-13,1,11,6,17,33,20,3,29,9,7,14,28,4,13,8,0,1,0.941,13,7,20,38,21,2,35,10,5,14,28,5,9,0.867,2018,0.0,1.0,Foxborough Mass,0.0,0.0
275,02102018,fairfield,vermont,5-12,1,5,1,6,33,21,0,26,14,5,14,21,3,12,9,0,1,0.8,12,7,19,32,21,0,28,13,11,7,21,3,16,0.864,2018,1.0,0.0,Fairfield,0.0,
276,02172018,fairfield, saint josephs,12-11 ,1,11,7,18,37,21,2,28,16,7,17,21,5,6,12,1,0,0.889,6,4,10,34,18,1,22,14,5,4,21,4,10,0.938,2018,0.0,1.0,Saint Josephs,0.0,0.0
277,02242018,fairfield, rutgers,10-9 ,1,7,4,11,34,19,0,22,14,0,11,23,1,12,13,1,0,0.842,12,9,21,39,25,1,32,9,5,12,23,2,12,0.900,2018,0.0,1.0,Rutgers,0.0,0.0
278,02272018,fairfield, njit,11-16,1,11,7,18,52,21,1,37,12,7,18,31,4,16,6,0,1,0.923,16,8,24,29,22,1,27,13,4,13,31,2,10,0.789,2018,1.0,0.0,Fairfield,0.0,
279,03032018,fairfield,stony brook,9-11,1,9,9,18,33,22,5,38,17,6,13,23,3,11,11,0,1,0.789,11,8,19,26,22,0,40,17,6,10,23,6,13,0.875,2018,1.0,0.0,Fairfield,0.0,
280,03062018,fairfield,quinnipiac,9-6,1,9,7,16,30,19,2,33,11,5,14,19,3,6,13,1,0,1.0,6,4,10,37,19,1,31,12,5,5,19,3,10,0.864,2018,1.0,0.0,Fairfield,0.0,
281,03102018,fairfield,yale,3-8,1,3,2,5,23,13,1,20,11,6,0,15,2,8,10,0,1,0.957,8,7,15,40,18,0,30,16,4,15,15,2,10,0.947,2018,1.0,0.0,Fairfield,0.0,
282,03172018,fairfield, drexel,13-17,1,13,10,23,31,19,2,31,10,6,12,34,3,17,7,0,1,0.8,17,12,29,41,24,1,36,14,3,22,34,5,6,0.800,2018,1.0,0.0,Fairfield,0.0,
283,03202018,fairfield, massachusetts,12-8,1,12,10,22,45,28,2,35,12,6,15,22,4,8,9,1,0,0.857,8,4,12,34,17,1,21,12,7,7,22,2,16,0.667,2018,1.0,0.0,Fairfield,0.0,
284,03242018,fairfield, villanova,12-13 ,1,12,7,19,42,23,1,24,14,7,17,28,1,13,8,0,1,0.75,13,8,21,36,21,0,31,13,10,11,28,3,11,0.850,2018,0.0,1.0,Villanova,1.0,0.0
285,03312018,fairfield, delaware,10-11,1,10,3,13,25,20,0,23,11,5,11,25,3,11,9,0,1,0.875,11,5,16,33,20,0,35,13,6,14,25,2,10,0.778,2018,0.0,1.0,Delaware,0.0,0.0
286,04062018,fairfield, hofstra,5-4,1,5,4,9,22,14,0,16,16,4,3,13,1,4,8,1,0,0.8,4,3,7,30,12,0,26,12,6,10,13,0,9,0.947,2018,0.0,1.0,Hofstra,0.0,0.0
287,04142018,fairfield,sacred heart,14-16,1,14,11,25,34,22,3,22,4,7,8,33,3,16,5,0,1,0.8,16,14,30,31,21,1,32,18,1,25,33,6,8,0.917,2018,1.0,0.0,Fairfield,0.0,
288,04212018,fairfield,massachusetts,4-11,1,4,3,7,37,24,1,27,12,7,8,17,5,11,10,0,1,0.913,11,9,20,28,21,2,22,14,10,9,17,6,20,0.952,2018,1.0,0.0,Fairfield,0.0,
289,04282018,fairfield, towson,7-8,1,7,4,11,31,16,0,17,13,9,6,17,3,8,6,0,1,0.889,8,8,16,38,14,1,29,20,11,11,17,2,9,0.833,2018,0.0,1.0,Towson,0.0,0.0
290,02012018,furman,vermont,6-12,1,6,3,9,24,12,0,19,15,8,6,21,3,12,6,0,1,0.9,12,5,17,29,18,1,35,24,5,15,21,6,6,0.880,2018,1.0,0.0,Furman,0.0,
291,02102018,furman, north carolina,14-15 ,1,14,9,23,36,23,1,26,14,5,11,32,4,15,13,0,1,0.778,15,9,24,45,28,3,43,17,6,21,32,2,9,0.812,2018,0.0,1.0,North Carolina,1.0,0.0
292,02172018,furman,sacred heart,13-17,1,13,4,17,42,26,0,31,20,12,14,33,4,17,14,0,1,0.824,17,7,24,37,31,2,50,22,15,19,33,4,13,0.846,2018,0.0,1.0,Baltimore Md,0.0,0.0
293,02242018,furman,canisius,13-14 ,1,13,7,20,39,21,0,32,15,3,19,31,3,14,12,0,1,0.833,14,9,23,33,26,1,26,10,6,12,31,0,8,0.769,2018,0.0,1.0,Wayne Pa,1.0,0.0
294,03032018,furman, high point,8-13,1,8,4,12,24,14,0,21,10,6,1,24,3,13,12,0,1,0.889,13,8,21,31,25,3,31,16,4,23,24,1,6,0.810,2018,1.0,0.0,Furman,0.0,
295,03062018,furman,penn st,5-16,1,5,3,8,28,18,1,17,9,5,3,25,2,16,15,0,1,0.842,16,8,24,41,31,0,29,16,1,22,25,3,13,0.882,2018,0.0,1.0,Bethesda Md,0.0,0.0
296,03172018,furman,richmond,10-9,1,10,4,14,36,17,1,26,20,4,16,22,4,9,16,1,0,0.857,9,6,15,44,25,1,27,8,10,6,22,3,7,1.000,2018,1.0,0.0,Furman,0.0,
297,03242018,furman, vmi,11-7,1,11,9,20,30,18,2,26,14,5,3,21,2,7,12,1,0,0.895,7,4,11,36,19,1,39,15,11,18,21,3,7,0.733,2018,0.0,1.0,VMI,0.0,0.0
298,03312018,furman, mercer,7-6,1,7,5,12,28,17,0,17,9,6,3,18,3,6,11,1,0,1.0,6,4,10,37,17,0,29,9,8,15,18,3,10,0.857,2018,0.0,1.0,Mercer,0.0,0.0
299,04072018,furman,high point,7-15,1,7,5,12,23,17,0,22,19,9,9,26,7,15,9,0,1,0.909,15,7,22,33,24,1,29,21,4,17,26,4,10,0.852,2018,1.0,0.0,Furman,0.0,
300,04142018,furman, air force,3-11,1,3,1,4,16,11,0,12,10,5,2,17,3,11,11,0,1,0.867,11,5,16,33,22,1,23,11,5,15,17,1,8,0.769,2018,0.0,1.0,Air Force,0.0,0.0
301,04212018,furman,jacksonville,11-12,1,11,6,17,28,20,2,20,13,8,5,26,4,12,12,0,1,0.957,12,9,21,33,24,2,36,16,9,21,26,3,9,0.938,2018,1.0,0.0,Furman,0.0,
302,04282018,furman, bellarmine,8-7,1,8,5,13,28,18,3,23,16,6,4,19,5,7,15,1,0,0.85,7,5,12,38,22,2,31,13,6,15,19,7,10,0.895,2018,0.0,1.0,Bellarmine,0.0,0.0
303,05032018,furman, richmond,8-16,1,8,3,11,24,19,1,15,8,7,10,26,6,16,9,0,1,0.824,16,12,28,43,25,3,24,11,6,16,26,1,11,0.933,2018,0.0,1.0,Richmond,0.0,0.0
