,Id,Team Name,Conference,Games,Goals,Assists,Points,Shots,SOG,Man-Up G,GB,TO,CT,FO Pct,Pen,Goals Allowed,Saves,Clear Pct,Year
0,875,army west point,Patriot,13,117,72,189,476,271,12,376,165,112,50.0,30,109,105,0.843,2018
1,885,bellarmine,SoCon,13,102,60,162,423,232,14,288,193,96,49.0,39,122,151,0.791,2018
2,94,binghamton,America East,15,120,53,173,490,282,9,337,189,101,42.0,50,193,173,0.838,2018
3,169,boston u,Patriot,17,171,116,287,553,322,25,500,232,110,48.0,48,193,208,0.839,2018
4,756,brown,Ivy League,15,176,102,278,599,340,22,453,224,92,54.0,46,184,207,0.873,2018
5,639,bryant,NEC,15,170,76,246,575,338,15,482,206,90,68.0,35,146,131,0.888,2018
6,37,bucknell,Patriot,15,175,96,271,534,309,14,391,160,111,46.0,45,135,134,0.874,2018
7,675,canisius,MAAC,17,195,124,319,541,352,20,442,218,108,40.0,45,217,170,0.894,2018
8,115,cleveland st,Independent,14,121,62,183,487,275,12,374,213,98,49.0,35,159,148,0.869,2018
9,620,colgate,Patriot,15,178,98,276,565,327,18,436,185,85,60.0,55,157,136,0.866,2018
10,443,cornell,Ivy League,18,244,172,416,628,401,18,519,205,128,45.0,63,166,208,0.86,2018
11,114,dartmouth,Ivy League,13,110,57,167,404,247,14,375,195,87,40.0,51,183,141,0.802,2018
12,825,delaware,CAA,14,148,66,214,509,283,13,368,152,90,46.0,40,147,165,0.876,2018
13,578,denver,Big East,17,193,114,307,589,351,22,454,202,83,74.0,42,134,121,0.882,2018
14,137,detroit mercy,MAAC,16,165,96,261,565,346,15,470,230,137,48.0,62,150,178,0.889,2018
15,561,drexel,CAA,13,135,71,206,420,244,17,310,180,68,48.0,53,162,137,0.888,2018
16,850,duke,ACC,20,272,150,422,732,477,20,624,222,153,51.0,75,173,190,0.895,2018
17,88,fairfield,CAA,15,132,89,221,509,302,20,399,187,87,49.0,44,159,136,0.863,2018
18,884,furman,SoCon,14,124,68,192,406,251,11,307,192,89,32.0,53,170,167,0.873,2018
19,224,georgetown,Big East,17,188,116,304,565,349,16,443,198,122,49.0,45,138,166,0.911,2018
20,462,hampton,Independent,12,108,49,157,446,251,14,415,222,139,42.0,50,153,138,0.823,2018
21,355,hartford,America East,13,128,77,205,414,253,20,355,195,58,60.0,57,160,140,0.859,2018
22,531,harvard,Ivy League,13,141,92,233,499,305,16,329,175,69,47.0,36,153,168,0.892,2018
23,190,high point,SoCon,14,159,79,238,501,324,14,435,209,101,51.0,60,169,182,0.891,2018
24,571,hobart,NEC,14,141,77,218,566,316,10,398,185,95,62.0,35,150,123,0.908,2018
25,678,hofstra,CAA,14,120,70,190,457,261,15,322,149,65,55.0,63,110,143,0.901,2018
26,14,holy cross,Patriot,13,87,44,131,472,225,10,346,217,102,57.0,51,143,108,0.856,2018
27,849,jacksonville,SoCon,15,173,97,270,538,348,14,498,235,106,71.0,55,156,129,0.875,2018
28,785,johns hopkins,Big Ten,17,199,124,323,677,372,22,459,185,95,53.0,53,165,168,0.897,2018
29,649,lafayette,Patriot,15,117,63,180,498,267,8,418,258,97,48.0,49,201,154,0.78,2018
30,943,lehigh,Patriot,17,180,113,293,561,337,26,524,230,131,60.0,57,161,148,0.875,2018
31,527,loyola maryland,Patriot,17,223,126,349,635,405,12,525,208,164,43.0,51,148,170,0.868,2018
32,551,manhattan,MAAC,14,122,74,196,470,281,15,396,193,67,46.0,42,161,170,0.866,2018
33,720,marist,MAAC,15,121,65,186,445,262,13,292,175,65,45.0,62,174,171,0.849,2018
34,686,marquette,Big East,14,110,56,166,472,235,13,352,182,73,57.0,35,138,123,0.87,2018
35,98,maryland,Big Ten,18,210,119,329,595,395,26,471,177,88,53.0,53,170,187,0.891,2018
36,782,massachusetts,CAA,17,197,130,327,638,404,22,491,231,135,57.0,68,170,201,0.887,2018
37,71,mercer,SoCon,14,113,60,173,469,259,12,336,197,108,44.0,52,146,143,0.819,2018
38,77,michigan,Big Ten,14,142,74,216,485,253,8,341,185,88,50.0,48,136,159,0.858,2018
39,53,monmouth,MAAC,15,153,83,236,534,307,17,402,163,108,38.0,46,135,179,0.936,2018
40,291,mount st marys,NEC,14,157,95,252,552,324,11,452,234,116,54.0,53,175,142,0.847,2018
41,257,navy,Patriot,14,126,76,202,460,246,7,404,209,84,56.0,25,125,124,0.853,2018
42,55,njit,Independent,16,105,63,168,432,255,17,403,251,105,37.0,47,198,185,0.794,2018
43,591,north carolina,ACC,14,153,83,236,497,296,21,368,149,77,45.0,45,153,137,0.874,2018
44,555,notre dame,ACC,15,151,71,222,492,294,17,409,205,86,53.0,42,129,112,0.919,2018
45,889,ohio st,Big Ten,15,134,69,203,499,301,12,429,182,86,58.0,49,129,130,0.934,2018
46,176,penn,Ivy League,15,141,77,218,511,272,12,319,170,68,46.0,68,158,146,0.89,2018
47,285,penn st,Big Ten,14,176,96,272,517,343,9,435,178,84,66.0,36,134,157,0.888,2018
48,502,princeton,Ivy League,13,177,120,297,495,313,24,405,163,91,48.0,49,158,171,0.819,2018
49,358,providence,Big East,15,139,75,214,520,296,17,314,165,64,48.0,54,147,165,0.914,2018
50,477,quinnipiac,MAAC,15,176,89,265,614,347,16,485,199,114,56.0,76,153,152,0.846,2018
51,583,richmond,SoCon,17,181,114,295,596,373,22,458,217,120,42.0,41,178,166,0.92,2018
52,45,robert morris,NEC,18,208,124,332,613,398,21,506,242,169,42.0,50,144,198,0.91,2018
53,439,rutgers,Big Ten,15,168,101,269,510,326,11,417,171,97,47.0,55,143,143,0.881,2018
54,605,sacred heart,NEC,15,165,88,253,574,357,20,463,196,137,47.0,50,176,165,0.889,2018
55,982,saint josephs,NEC,15,150,93,243,460,296,13,365,170,91,44.0,53,120,180,0.901,2018
56,107,siena,MAAC,12,124,59,183,485,270,12,357,162,75,49.0,61,160,158,0.875,2018
57,637,st johns ,Big East,14,137,87,224,454,275,18,355,153,84,43.0,47,140,155,0.871,2018
58,85,stony brook,America East,15,134,83,217,474,296,16,331,172,85,34.0,46,166,144,0.886,2018
59,30,syracuse,ACC,15,169,97,266,515,322,16,457,186,119,49.0,59,160,141,0.857,2018
60,142,towson,CAA,15,134,67,201,524,274,11,397,212,79,61.0,56,144,150,0.855,2018
61,253,ualbany,America East,19,274,182,456,841,517,30,632,236,108,77.0,50,164,199,0.918,2018
62,912,umass lowell,America East,16,160,108,268,555,354,16,519,234,136,39.0,64,170,221,0.862,2018
63,399,umbc,America East,13,89,41,130,410,215,7,252,169,89,36.0,16,101,106,0.878,2018
64,313,vermont,America East,16,165,93,258,510,325,17,435,243,125,47.0,68,129,193,0.852,2018
65,432,villanova,Big East,16,172,92,264,639,363,25,402,165,92,43.0,58,182,153,0.9,2018
66,978,virginia,ACC,18,227,139,366,708,420,21,684,267,149,58.0,79,206,191,0.849,2018
67,197,vmi,SoCon,13,112,48,160,454,233,7,392,219,121,53.0,44,161,155,0.837,2018
68,875,army west point,Patriot,18,200,125,325,721,416,10,552,276,155,33.0,64,155,211,0.852,2019
69,885,bellarmine,SoCon,13,135,82,217,480,269,10,342,232,90,42.0,42,172,179,0.835,2019
70,94,binghamton,America East,13,106,65,171,446,268,8,334,242,120,43.0,52,169,176,0.798,2019
71,169,boston u,Patriot,17,214,145,359,765,422,23,647,324,199,56.0,69,171,209,0.805,2019
72,756,brown,Ivy League,16,193,115,308,677,402,23,547,299,115,52.0,62,185,185,0.818,2019
73,639,bryant,NEC,14,127,66,193,490,276,11,433,246,98,54.0,37,151,178,0.786,2019
74,37,bucknell,Patriot,15,150,88,238,580,335,18,503,262,150,47.0,49,162,190,0.824,2019
75,675,canisius,MAAC,16,169,83,252,544,310,24,444,298,114,49.0,38,163,185,0.801,2019
76,115,cleveland st,DI Independent,15,172,113,285,603,349,20,489,297,134,64.0,61,154,146,0.853,2019
77,620,colgate,Patriot,13,118,70,188,473,286,16,359,214,90,48.0,47,145,133,0.796,2019
78,443,cornell,Ivy League,15,214,134,348,582,378,18,487,238,148,39.0,72,181,198,0.853,2019
79,114,dartmouth,Ivy League,13,101,55,156,425,239,10,378,249,128,31.0,64,165,186,0.768,2019
80,825,delaware,CAA,15,175,95,270,614,361,17,433,229,130,39.0,54,149,205,0.885,2019
81,578,denver,Big East,15,181,103,284,640,369,10,497,220,147,59.0,43,140,126,0.825,2019
82,137,detroit mercy,MAAC,15,157,92,249,555,330,22,482,318,120,59.0,71,179,191,0.806,2019
83,561,drexel,CAA,15,199,104,303,631,389,39,518,268,111,57.0,64,187,144,0.865,2019
84,850,duke,ACC,18,220,122,342,711,457,20,591,272,134,51.0,61,173,179,0.833,2019
85,88,fairfield,CAA,14,141,101,242,551,333,10,417,222,103,47.0,45,189,160,0.771,2019
86,884,furman,SoCon,14,163,92,255,512,331,13,435,238,140,38.0,54,178,190,0.799,2019
87,224,georgetown,Big East,18,254,155,409,750,465,18,598,246,155,47.0,53,200,224,0.869,2019
88,462,hampton,DI Independent,11,134,84,218,489,300,9,456,265,123,69.0,59,152,125,0.753,2019
89,355,hartford,America East,15,169,100,269,550,346,26,446,220,95,48.0,67,208,171,0.848,2019
90,531,harvard,Ivy League,13,156,94,250,534,323,21,460,246,114,43.0,54,190,196,0.797,2019
91,190,high point,SoCon,16,232,122,354,683,403,16,603,338,162,58.0,67,177,209,0.879,2019
92,571,hobart,NEC,16,223,148,371,817,467,25,567,247,100,62.0,57,179,181,0.85,2019
93,678,hofstra,CAA,14,126,56,182,527,307,16,417,223,85,56.0,77,144,155,0.881,2019
94,14,holy cross,Patriot,14,141,82,223,604,321,14,494,266,155,64.0,48,138,131,0.798,2019
95,849,jacksonville,SoCon,15,172,93,265,552,333,21,433,257,169,42.0,65,194,141,0.843,2019
96,785,johns hopkins,Big Ten,16,194,116,310,670,391,26,460,223,101,54.0,63,208,170,0.851,2019
97,649,lafayette,Patriot,15,125,63,188,483,273,12,400,234,108,30.0,45,200,162,0.802,2019
98,943,lehigh,Patriot,17,181,112,293,679,409,18,687,303,156,69.0,66,161,192,0.845,2019
99,527,loyola maryland,Patriot,17,239,146,385,713,442,24,580,255,125,53.0,58,181,257,0.833,2019
100,551,manhattan,MAAC,14,116,81,197,492,271,12,386,231,82,44.0,32,142,186,0.888,2019
101,720,marist,MAAC,17,159,87,246,590,348,16,506,298,113,63.0,55,183,196,0.792,2019
102,686,marquette,Big East,14,151,85,236,539,302,14,409,209,112,48.0,49,162,136,0.808,2019
103,98,maryland,Big Ten,17,215,138,353,613,363,13,487,250,69,54.0,41,182,194,0.878,2019
104,782,massachusetts,CAA,15,191,121,312,645,389,28,488,249,144,61.0,66,133,203,0.875,2019
105,71,mercer,SoCon,13,141,68,209,546,305,14,426,253,89,60.0,56,188,169,0.845,2019
106,77,michigan,Big Ten,13,148,86,234,460,268,16,363,205,123,33.0,48,175,156,0.825,2019
107,53,monmouth,MAAC,12,83,43,126,424,232,7,337,215,122,50.0,44,109,131,0.805,2019
108,291,mount st marys,NEC,16,166,80,246,638,369,17,498,268,137,53.0,67,166,196,0.815,2019
109,257,navy,Patriot,13,138,92,230,518,286,9,415,231,82,51.0,39,157,173,0.77,2019
110,55,njit,DI Independent,15,153,81,234,563,333,20,440,277,107,41.0,37,225,220,0.818,2019
111,591,north carolina,ACC,15,186,93,279,609,378,22,477,220,118,49.0,82,157,159,0.839,2019
112,555,notre dame,ACC,16,184,86,270,607,347,27,478,273,111,58.0,48,162,160,0.871,2019
113,889,ohio st,Big Ten,12,141,71,212,462,278,10,384,182,59,62.0,52,129,129,0.892,2019
114,176,penn,Ivy League,16,239,134,373,742,433,23,508,259,92,62.0,47,187,208,0.858,2019
115,285,penn st,Big Ten,18,323,195,518,745,513,38,651,278,127,59.0,60,199,209,0.852,2019
116,502,princeton,Ivy League,14,195,119,314,637,403,13,461,202,142,46.0,49,161,171,0.86,2019
117,358,providence,Big East,16,173,96,269,653,382,14,444,257,106,49.0,49,160,202,0.837,2019
118,477,quinnipiac,MAAC,16,185,106,291,645,357,13,446,270,98,51.0,69,203,223,0.811,2019
119,583,richmond,SoCon,17,202,125,327,627,391,14,465,269,154,37.0,59,172,218,0.866,2019
120,45,robert morris,NEC,17,229,150,379,744,459,22,554,248,149,46.0,50,232,219,0.836,2019
121,439,rutgers,Big Ten,15,170,106,276,579,340,11,465,218,109,43.0,46,174,214,0.858,2019
122,605,sacred heart,NEC,15,209,103,312,745,433,16,541,245,172,41.0,60,171,176,0.833,2019
123,982,saint josephs,NEC,14,139,85,224,538,330,18,460,275,120,62.0,44,149,168,0.809,2019
124,107,siena,MAAC,13,168,99,267,590,344,15,435,184,109,44.0,45,181,121,0.866,2019
125,335,st bonaventure,MAAC,13,81,41,122,331,190,12,275,258,92,25.0,50,193,211,0.766,2019
126,637,st johns ,Big East,14,154,87,241,554,343,22,419,194,94,46.0,43,179,170,0.857,2019
127,85,stony brook,America East,15,152,89,241,540,327,16,404,228,101,50.0,52,163,166,0.886,2019
128,30,syracuse,ACC,14,180,97,277,613,369,24,514,198,124,57.0,52,142,187,0.853,2019
129,142,towson,CAA,16,203,104,307,680,379,26,548,272,112,69.0,78,173,186,0.82,2019
130,253,ualbany,America East,14,148,92,240,556,317,18,393,208,100,44.0,46,163,172,0.863,2019
131,912,umass lowell,America East,14,138,90,228,530,286,19,432,292,106,59.0,54,165,164,0.799,2019
132,399,umbc,America East,16,189,94,283,611,366,15,421,241,120,40.0,33,199,133,0.857,2019
133,574,utah,DI Independent,15,138,89,227,481,298,19,388,260,103,33.0,45,197,189,0.814,2019
134,313,vermont,America East,15,173,103,276,576,346,13,437,241,97,52.0,74,150,189,0.847,2019
135,432,villanova,Big East,15,170,102,272,613,353,21,436,222,111,50.0,46,176,175,0.87,2019
136,978,virginia,ACC,20,282,172,454,908,514,25,831,312,186,58.0,88,205,230,0.82,2019
137,197,vmi,SoCon,13,128,66,194,556,293,8,420,243,138,38.0,45,188,174,0.862,2019
138,875,army west point,Patriot,11,130,70,200,468,270,11,367,160,96,47.0,37,102,136,0.807,2021
139,885,bellarmine,SoCon,15,118,69,187,470,272,14,327,248,142,30.0,49,164,165,0.84,2021
140,94,binghamton,America East,9,79,42,121,276,186,7,287,183,91,53.0,44,93,123,0.818,2021
141,169,boston u,Patriot,11,130,74,204,460,263,13,337,189,102,42.0,45,110,147,0.88,2021
142,756,brown,Ivy League,0,0,0,0,0,0,0,0,0,0,0.0,0,0,0,0.0,2021
143,639,bryant,NEC,13,177,86,263,614,379,16,466,205,104,59.0,48,145,165,0.884,2021
144,37,bucknell,Patriot,8,83,52,135,339,201,9,268,120,82,43.0,40,106,88,0.834,2021
145,675,canisius,MAAC,10,93,54,147,369,217,16,285,196,75,54.0,35,107,112,0.797,2021
146,115,cleveland st,DI Independent,10,86,52,138,327,185,5,283,209,84,48.0,24,107,115,0.84,2021
147,620,colgate,Patriot,10,107,63,170,364,219,13,324,181,58,52.0,23,131,123,0.747,2021
148,114,dartmouth,Ivy League,0,0,0,0,0,0,0,0,0,0,0.0,0,0,0,0.0,2021
149,825,delaware,CAA,13,174,100,274,559,325,13,446,196,99,50.0,39,131,154,0.892,2021
150,578,denver,Big East,17,241,148,389,808,480,21,559,254,111,65.0,43,170,187,0.873,2021
151,137,detroit mercy,MAAC,7,68,35,103,293,161,9,226,132,65,61.0,27,67,80,0.835,2021
152,561,drexel,CAA,13,177,98,275,591,347,14,430,199,113,49.0,55,138,141,0.872,2021
153,850,duke,ACC,17,242,136,378,712,456,24,542,256,111,59.0,61,174,193,0.849,2021
154,88,fairfield,CAA,11,126,79,205,446,253,17,332,198,82,50.0,47,168,150,0.814,2021
155,224,georgetown,Big East,16,210,153,363,709,413,14,527,251,137,57.0,44,133,185,0.894,2021
156,355,hartford,America East,7,63,29,92,250,150,4,209,114,69,44.0,30,88,82,0.862,2021
157,190,high point,SoCon,14,187,101,288,525,335,21,399,239,99,47.0,40,194,168,0.859,2021
158,571,hobart,NEC,9,110,57,167,440,242,10,301,148,65,65.0,41,99,111,0.847,2021
159,678,hofstra,CAA,14,182,87,269,547,344,21,440,232,90,64.0,62,163,148,0.904,2021
160,14,holy cross,Patriot,6,47,27,74,192,111,5,148,115,50,44.0,9,73,87,0.8,2021
161,849,jacksonville,SoCon,14,153,97,250,507,313,15,411,249,102,56.0,60,157,141,0.86,2021
162,785,johns hopkins,Big Ten,13,145,80,225,460,291,15,385,199,90,53.0,37,158,114,0.856,2021
163,649,lafayette,Patriot,11,98,48,146,363,219,7,324,188,85,41.0,25,160,140,0.814,2021
164,943,lehigh,Patriot,12,169,103,272,539,325,15,503,188,87,75.0,42,122,149,0.825,2021
165,899,liu,NEC,11,155,93,248,424,293,11,342,184,64,47.0,57,145,193,0.871,2021
166,527,loyola maryland,Patriot,16,197,117,314,655,383,19,532,225,136,51.0,54,157,171,0.909,2021
167,551,manhattan,MAAC,10,94,50,144,362,203,9,238,164,82,33.0,43,97,126,0.822,2021
168,720,marist,MAAC,4,56,30,86,194,110,7,113,61,34,41.0,17,41,49,0.811,2021
169,686,marquette,Big East,12,110,61,171,470,252,12,327,180,90,39.0,38,146,163,0.847,2021
170,98,maryland,Big Ten,16,255,156,411,654,416,16,536,205,130,48.0,44,162,177,0.863,2021
171,782,massachusetts,CAA,10,117,73,190,361,228,15,323,182,78,54.0,35,108,125,0.866,2021
172,71,mercer,SoCon,13,140,83,223,493,285,12,400,267,112,59.0,68,163,164,0.878,2021
173,128,merrimack,NEC,10,114,58,172,386,239,17,313,172,91,46.0,39,113,109,0.842,2021
174,77,michigan,Big Ten,12,131,65,196,457,263,16,353,176,68,53.0,30,177,133,0.843,2021
175,53,monmouth,MAAC,11,104,48,152,426,270,14,382,191,90,68.0,41,96,114,0.88,2021
176,291,mount st marys,NEC,13,139,77,216,488,307,10,400,209,118,46.0,58,147,149,0.816,2021
177,257,navy,Patriot,9,97,57,154,319,189,13,312,138,62,45.0,30,90,128,0.885,2021
178,55,njit,America East,11,79,43,122,356,188,9,296,206,73,40.0,41,159,173,0.856,2021
179,591,north carolina,ACC,16,261,138,399,800,491,15,565,200,133,54.0,64,170,189,0.893,2021
180,555,notre dame,ACC,12,169,103,272,568,313,23,427,178,83,63.0,40,107,154,0.862,2021
181,889,ohio st,Big Ten,11,125,62,187,422,250,9,327,169,66,54.0,16,142,104,0.848,2021
182,176,penn,Ivy League,0,0,0,0,0,0,0,0,0,0,0.0,0,0,0,0.0,2021
183,285,penn st,Big Ten,11,111,62,173,409,238,11,347,196,61,57.0,26,148,124,0.869,2021
184,358,providence,Big East,13,133,69,202,603,328,8,382,203,78,50.0,40,166,169,0.863,2021
185,477,quinnipiac,MAAC,7,64,35,99,291,143,6,218,141,54,73.0,27,70,96,0.867,2021
186,583,richmond,SoCon,13,162,108,270,520,322,26,388,216,138,54.0,33,125,148,0.902,2021
187,45,robert morris,DI Independent,13,176,105,281,543,348,17,437,223,127,41.0,49,186,172,0.88,2021
188,439,rutgers,Big Ten,13,186,103,289,576,329,15,383,163,102,40.0,53,145,182,0.89,2021
189,605,sacred heart,NEC,12,117,62,179,499,289,13,318,174,65,39.0,60,169,176,0.901,2021
190,982,saint josephs,NEC,13,161,103,264,601,367,12,474,220,119,66.0,45,135,126,0.826,2021
191,107,siena,MAAC,8,66,39,105,310,173,5,226,145,72,36.0,25,81,119,0.805,2021
192,335,st bonaventure,MAAC,10,93,57,150,318,199,12,244,167,76,37.0,44,91,136,0.833,2021
193,637,st johns ,Big East,11,99,60,159,374,222,12,281,188,77,30.0,39,198,166,0.762,2021
194,85,stony brook,America East,14,201,129,330,665,399,23,481,180,98,51.0,47,149,166,0.864,2021
195,30,syracuse,ACC,13,177,99,276,579,361,14,423,179,99,52.0,61,183,163,0.837,2021
196,142,towson,CAA,14,133,76,209,497,274,12,379,237,108,37.0,41,154,159,0.848,2021
197,253,ualbany,America East,13,180,133,313,500,332,21,464,218,95,48.0,40,143,145,0.894,2021
198,912,umass lowell,America East,9,73,42,115,305,163,8,274,162,64,39.0,38,133,124,0.799,2021
199,399,umbc,America East,11,119,67,186,434,250,12,308,184,73,47.0,25,105,118,0.88,2021
200,574,utah,DI Independent,11,113,60,173,400,226,18,310,191,61,50.0,38,127,128,0.839,2021
201,313,vermont,America East,14,188,108,296,645,391,20,495,239,91,68.0,59,148,162,0.869,2021
202,432,villanova,Big East,12,158,86,244,523,305,22,298,163,102,50.0,53,126,124,0.86,2021
203,978,virginia,ACC,18,263,151,414,778,464,13,755,302,157,61.0,69,210,243,0.852,2021
204,875,army west point,Patriot,8,110,75,185,327,207,8,287,135,85,46.0,27,58,93,0.847,2020
205,885,bellarmine,SoCon,8,90,49,139,316,189,7,229,144,71,37.0,21,96,94,0.838,2020
206,94,binghamton,America East,6,42,25,67,179,102,4,174,127,45,35.0,20,86,89,0.795,2020
207,169,boston u,Patriot,6,62,38,100,224,132,8,211,129,75,61.0,20,66,74,0.87,2020
208,756,brown,Ivy League,5,67,37,104,264,153,8,186,72,45,61.0,21,51,65,0.848,2020
209,639,bryant,NEC,7,88,44,132,301,186,9,196,104,49,49.0,21,82,78,0.853,2020
210,37,bucknell,Patriot,6,88,52,140,300,186,10,239,93,73,57.0,20,59,65,0.847,2020
211,675,canisius,MAAC,5,41,21,62,146,92,3,142,84,21,35.0,17,85,86,0.794,2020
212,115,cleveland st,DI Independent,7,66,39,105,269,139,7,214,135,41,57.0,19,89,64,0.804,2020
213,620,colgate,Patriot,6,70,44,114,258,149,14,209,118,39,51.0,27,110,82,0.766,2020
214,443,cornell,Ivy League,5,92,52,144,228,154,8,201,70,40,53.0,29,64,43,0.882,2020
215,114,dartmouth,Ivy League,4,46,26,72,132,78,4,121,61,34,53.0,16,33,54,0.852,2020
216,825,delaware,CAA,6,71,43,114,268,160,9,177,82,58,41.0,26,55,71,0.898,2020
217,578,denver,Big East,6,79,39,118,251,157,9,188,85,47,63.0,16,57,46,0.877,2020
218,137,detroit mercy,MAAC,5,63,30,93,184,109,6,174,91,24,60.0,20,84,51,0.747,2020
219,561,drexel,CAA,6,89,51,140,279,167,12,223,105,46,46.0,29,75,70,0.842,2020
220,850,duke,ACC,8,122,71,193,325,205,4,279,135,62,58.0,25,88,78,0.898,2020
221,88,fairfield,CAA,7,115,72,187,325,218,15,251,115,51,49.0,28,109,97,0.787,2020
222,884,furman,SoCon,7,64,40,104,229,121,10,183,148,55,31.0,23,115,102,0.78,2020
223,224,georgetown,Big East,6,99,59,158,301,179,9,247,99,50,68.0,15,38,65,0.934,2020
224,462,hampton,DI Independent,6,34,21,55,150,83,1,166,160,42,52.0,16,125,78,0.597,2020
225,355,hartford,America East,6,67,40,107,262,152,6,178,94,56,57.0,28,62,71,0.851,2020
226,531,harvard,Ivy League,4,47,24,71,132,86,3,106,66,29,44.0,15,45,59,0.761,2020
227,190,high point,SoCon,8,99,61,160,308,194,15,242,143,60,47.0,37,136,107,0.856,2020
228,571,hobart,NEC,5,98,48,146,267,167,13,185,82,38,56.0,22,60,76,0.838,2020
229,678,hofstra,CAA,7,95,55,150,315,187,9,229,100,41,62.0,26,71,67,0.922,2020
230,14,holy cross,Patriot,7,64,33,97,266,142,4,219,130,73,64.0,19,74,68,0.83,2020
231,849,jacksonville,SoCon,6,77,45,122,253,149,2,192,97,60,44.0,25,66,58,0.935,2020
232,785,johns hopkins,Big Ten,6,65,36,101,255,150,8,175,92,26,59.0,29,79,70,0.789,2020
233,649,lafayette,Patriot,6,42,18,60,164,90,3,161,133,34,41.0,27,98,72,0.792,2020
234,943,lehigh,Patriot,6,84,53,137,241,160,11,254,113,55,64.0,16,58,61,0.805,2020
235,899,liu,NEC,7,79,53,132,235,150,10,163,122,37,35.0,31,96,107,0.83,2020
236,527,loyola maryland,Patriot,6,69,41,110,290,157,14,200,87,56,69.0,11,52,66,0.903,2020
237,551,manhattan,MAAC,6,51,32,83,165,104,2,143,100,34,36.0,16,56,83,0.863,2020
238,720,marist,MAAC,6,79,49,128,244,158,16,197,96,57,63.0,26,67,67,0.81,2020
239,686,marquette,Big East,7,82,38,120,255,139,6,223,114,62,45.0,27,74,66,0.816,2020
240,98,maryland,Big Ten,6,94,60,154,302,178,7,201,105,40,58.0,22,75,77,0.887,2020
241,782,massachusetts,CAA,7,77,51,128,271,172,7,207,114,68,58.0,33,75,82,0.833,2020
242,71,mercer,SoCon,7,115,70,185,312,182,9,224,100,47,69.0,25,62,60,0.883,2020
243,128,merrimack,NEC,6,62,38,100,224,135,9,159,104,44,51.0,25,69,64,0.813,2020
244,77,michigan,Big Ten,7,93,47,140,305,169,15,230,96,56,51.0,25,83,82,0.848,2020
245,53,monmouth,MAAC,6,41,24,65,203,106,4,177,108,51,45.0,22,64,64,0.844,2020
246,291,mount st marys,NEC,8,70,37,107,311,172,12,243,133,64,52.0,28,93,87,0.863,2020
247,257,navy,Patriot,5,59,41,100,182,115,10,186,85,45,51.0,16,47,51,0.796,2020
248,55,njit,NEC,7,54,32,86,213,134,6,188,145,56,44.0,17,87,85,0.858,2020
249,591,north carolina,ACC,7,125,86,211,320,212,17,268,101,51,57.0,29,70,63,0.859,2020
250,555,notre dame,ACC,5,61,34,95,209,128,5,150,69,37,43.0,13,53,55,0.843,2020
251,889,ohio st,Big Ten,7,97,63,160,272,166,10,225,124,44,55.0,22,71,97,0.889,2020
252,176,penn,Ivy League,5,69,43,112,247,152,5,188,85,38,66.0,15,70,57,0.864,2020
253,285,penn st,Big Ten,7,121,68,189,302,195,11,262,122,47,56.0,17,77,85,0.831,2020
254,502,princeton,Ivy League,5,90,49,139,228,152,7,192,78,50,50.0,19,54,60,0.824,2020
255,358,providence,Big East,6,69,39,108,246,141,11,195,94,49,39.0,16,48,81,0.856,2020
256,477,quinnipiac,MAAC,6,56,24,80,242,134,8,189,117,35,61.0,29,89,80,0.804,2020
257,583,richmond,SoCon,7,89,52,141,266,158,10,212,123,65,44.0,17,74,93,0.917,2020
258,45,robert morris,NEC,6,84,43,127,279,173,8,225,105,57,49.0,24,83,62,0.867,2020
259,439,rutgers,Big Ten,6,75,41,116,242,143,7,156,83,49,34.0,19,75,73,0.858,2020
260,605,sacred heart,NEC,6,58,29,87,238,142,7,171,123,47,41.0,25,85,91,0.8,2020
261,982,saint josephs,NEC,7,72,46,118,257,153,5,230,131,52,65.0,25,68,95,0.866,2020
262,107,siena,MAAC,6,71,39,110,260,151,8,196,111,62,43.0,27,96,89,0.779,2020
263,335,st bonaventure,MAAC,6,37,22,59,166,83,5,103,96,39,22.0,15,85,77,0.843,2020
264,637,st johns ,Big East,7,88,47,135,305,175,16,230,119,52,55.0,21,100,73,0.894,2020
265,85,stony brook,America East,7,92,40,132,323,195,12,259,115,48,53.0,28,91,96,0.847,2020
266,30,syracuse,ACC,5,83,43,126,257,162,5,206,68,49,68.0,19,47,64,0.91,2020
267,142,towson,CAA,6,42,24,66,188,100,3,140,95,35,34.0,20,84,75,0.843,2020
268,253,ualbany,America East,5,64,50,114,188,118,3,158,77,36,35.0,15,77,59,0.847,2020
269,912,umass lowell,America East,7,65,43,108,279,151,6,207,120,55,44.0,42,81,80,0.814,2020
270,399,umbc,America East,5,59,25,84,205,119,8,149,71,43,56.0,10,42,62,0.9,2020
271,574,utah,DI Independent,6,77,46,123,249,167,7,197,92,43,51.0,18,66,78,0.868,2020
272,313,vermont,America East,4,43,21,64,140,94,5,101,59,33,44.0,14,33,52,0.882,2020
273,432,villanova,Big East,7,88,51,139,297,161,11,206,90,50,42.0,30,92,86,0.851,2020
274,978,virginia,ACC,6,82,56,138,291,170,6,260,99,61,56.0,27,67,80,0.876,2020
275,197,vmi,SoCon,4,32,13,45,116,69,2,115,68,36,45.0,15,51,47,0.833,2020
276,875,army west point,Patriot,16,225,124,349,746,447,20,506,240,120,53.0,52,179,196,0.862,2022
277,885,bellarmine,ASUN,17,180,109,289,601,354,16,424,316,170,41.0,73,203,198,0.824,2022
278,94,binghamton,America East,14,149,84,233,529,309,11,383,262,103,49.0,45,162,190,0.821,2022
279,169,boston u,Patriot,17,226,139,365,754,429,15,618,319,205,53.0,68,181,208,0.847,2022
280,756,brown,Ivy League,16,211,125,336,730,435,24,456,256,120,49.0,57,185,213,0.882,2022
281,639,bryant,NEC,15,181,100,281,674,403,16,511,285,138,56.0,56,165,196,0.824,2022
282,37,bucknell,Patriot,15,203,126,329,678,421,13,542,242,151,49.0,43,163,166,0.824,2022
283,675,canisius,MAAC,14,128,67,195,529,285,10,396,258,76,48.0,40,204,191,0.78,2022
284,115,cleveland st,ASUN,13,145,89,234,536,315,13,383,222,79,46.0,44,164,184,0.856,2022
285,620,colgate,Patriot,13,125,60,185,492,280,4,336,224,80,54.0,33,151,171,0.816,2022
286,443,cornell,Ivy League,19,247,134,381,815,508,18,659,282,161,47.0,39,212,228,0.844,2022
287,114,dartmouth,Ivy League,13,123,70,193,535,287,11,419,243,96,54.0,50,162,177,0.805,2022
288,825,delaware,CAA,19,255,149,404,807,510,26,568,259,133,46.0,65,205,217,0.887,2022
289,578,denver,Big East,15,206,129,335,688,396,20,421,205,101,56.0,57,172,179,0.883,2022
290,137,detroit mercy,ASUN,11,84,31,115,407,210,10,336,226,72,43.0,44,171,156,0.755,2022
291,561,drexel,CAA,14,167,108,275,525,312,17,411,226,98,38.0,56,188,176,0.875,2022
292,850,duke,ACC,17,262,142,404,751,478,24,588,260,123,55.0,58,190,231,0.855,2022
293,88,fairfield,CAA,14,193,103,296,621,386,22,481,232,119,52.0,54,187,177,0.906,2022
294,224,georgetown,Big East,17,256,147,403,831,505,13,640,255,169,60.0,48,139,216,0.89,2022
295,462,hampton,SoCon,10,47,17,64,219,136,2,220,255,70,42.0,32,209,187,0.678,2022
296,531,harvard,Ivy League,13,171,83,254,535,344,12,437,236,131,40.0,42,159,161,0.814,2022
297,190,high point,SoCon,15,201,109,310,642,401,19,451,226,135,46.0,57,179,176,0.824,2022
298,571,hobart,NEC,13,183,97,280,658,370,18,426,191,113,56.0,42,157,141,0.869,2022
299,678,hofstra,CAA,15,150,72,222,510,296,5,432,262,117,45.0,49,165,182,0.865,2022
300,14,holy cross,Patriot,14,120,73,193,490,270,8,387,280,107,45.0,40,235,193,0.809,2022
301,849,jacksonville,SoCon,17,273,161,434,716,493,22,556,286,176,51.0,57,146,198,0.886,2022
302,785,johns hopkins,Big Ten,16,175,106,281,650,372,17,499,267,122,50.0,39,202,176,0.835,2022
303,649,lafayette,Patriot,15,181,97,278,567,374,18,434,213,110,43.0,42,220,142,0.89,2022
304,943,lehigh,Patriot,15,171,100,271,617,360,15,517,261,128,63.0,52,147,175,0.818,2022
305,899,liu,NEC,15,167,104,271,530,350,19,534,284,111,52.0,68,161,200,0.864,2022
306,527,loyola maryland,Patriot,16,187,126,313,669,390,17,538,248,142,54.0,25,186,172,0.904,2022
307,551,manhattan,MAAC,15,136,64,200,500,293,10,355,202,108,30.0,51,149,159,0.905,2022
308,720,marist,MAAC,15,149,82,231,608,347,18,452,234,134,46.0,48,186,201,0.889,2022
309,686,marquette,Big East,15,157,82,239,600,349,29,445,273,117,58.0,46,193,194,0.867,2022
310,98,maryland,Big Ten,18,318,204,522,814,541,24,670,262,159,64.0,44,162,234,0.894,2022
311,782,massachusetts,CAA,14,166,89,255,577,367,22,460,212,84,58.0,53,157,175,0.88,2022
312,71,mercer,SoCon,15,157,95,252,556,327,14,395,267,100,52.0,53,207,192,0.879,2022
313,128,merrimack,NEC,12,116,70,186,455,287,10,336,191,81,49.0,40,129,164,0.875,2022
314,77,michigan,Big Ten,15,211,129,340,711,440,25,487,231,119,59.0,46,167,186,0.85,2022
315,53,monmouth,MAAC,12,88,50,138,430,241,11,355,206,88,52.0,42,122,165,0.852,2022
316,291,mount st marys,NEC,15,135,76,211,608,331,10,472,293,126,46.0,81,181,190,0.818,2022
317,257,navy,Patriot,15,160,100,260,602,330,16,524,264,116,48.0,38,152,170,0.856,2022
318,55,njit,America East,13,90,52,142,452,243,11,341,274,82,46.0,54,193,185,0.786,2022
319,591,north carolina,ACC,14,162,108,270,624,350,13,427,210,87,52.0,42,180,182,0.862,2022
320,555,notre dame,ACC,12,177,93,270,538,335,21,387,169,107,46.0,37,121,171,0.907,2022
321,889,ohio st,Big Ten,16,218,118,336,655,408,25,522,239,87,59.0,48,186,192,0.867,2022
322,176,penn,Ivy League,16,205,126,331,645,378,23,535,291,121,51.0,55,177,227,0.832,2022
323,285,penn st,Big Ten,14,157,90,247,536,317,17,425,244,101,43.0,52,191,203,0.874,2022
324,502,princeton,Ivy League,16,237,121,358,747,466,19,612,250,159,50.0,63,181,225,0.864,2022
325,358,providence,Big East,14,155,79,234,594,331,18,397,228,89,45.0,38,198,162,0.874,2022
326,477,quinnipiac,MAAC,13,135,70,205,545,318,14,410,228,96,53.0,56,183,173,0.799,2022
327,583,richmond,SoCon,16,224,145,369,694,443,21,521,245,154,52.0,49,161,211,0.857,2022
328,45,robert morris,ASUN,16,207,128,335,625,409,16,467,285,146,52.0,74,202,206,0.881,2022
329,439,rutgers,Big Ten,19,275,150,425,897,545,15,609,253,161,48.0,51,215,247,0.905,2022
330,605,sacred heart,NEC,13,137,84,221,476,288,14,351,211,97,40.0,55,190,182,0.848,2022
331,982,saint josephs,NEC,18,252,136,388,777,472,29,537,289,115,66.0,67,188,201,0.877,2022
332,107,siena,MAAC,15,153,94,247,622,367,19,459,239,117,50.0,51,159,212,0.838,2022
333,335,st bonaventure,MAAC,15,161,100,261,517,326,13,410,252,114,50.0,54,134,262,0.852,2022
334,637,st johns ,Big East,14,125,89,214,477,282,14,319,238,90,36.0,59,257,176,0.838,2022
335,85,stony brook,America East,14,181,91,272,623,365,24,482,233,105,53.0,60,162,165,0.868,2022
336,30,syracuse,ACC,14,187,92,279,661,367,14,491,202,131,58.0,55,206,141,0.858,2022
337,142,towson,CAA,16,180,103,283,659,366,19,474,253,116,44.0,66,191,215,0.886,2022
338,253,ualbany,America East,15,155,105,260,531,313,22,468,281,105,50.0,47,214,159,0.87,2022
339,912,umass lowell,America East,13,129,68,197,561,309,16,371,220,82,51.0,58,193,139,0.782,2022
340,399,umbc,America East,13,138,72,210,473,264,14,393,235,85,51.0,42,131,137,0.844,2022
341,574,utah,ASUN,14,191,123,314,600,361,18,447,216,95,54.0,46,159,145,0.911,2022
342,313,vermont,America East,19,251,159,410,815,492,20,623,300,180,61.0,62,175,210,0.867,2022
343,432,villanova,Big East,15,199,123,322,698,391,30,470,224,137,58.0,43,175,182,0.839,2022
344,978,virginia,ACC,16,248,141,389,749,464,15,610,238,145,56.0,44,191,184,0.888,2022
345,197,vmi,SoCon,15,144,86,230,611,326,16,430,256,138,40.0,35,199,182,0.841,2022
346,875,army west point,Patriot,17,218,112,330,717,429,22,613,278,132,62.0,53,155,186,0.849,2023
347,885,bellarmine,ASUN,17,233,128,361,701,423,15,506,263,129,49.0,65,193,203,0.9,2023
348,94,binghamton,America East,14,187,99,286,596,357,22,444,240,100,56.0,46,164,196,0.855,2023
349,169,boston u,Patriot,14,193,126,319,632,383,28,505,239,169,50.0,52,155,148,0.821,2023
350,756,brown,Ivy League,14,173,99,272,607,337,16,451,251,94,59.0,39,185,182,0.877,2023
351,639,bryant,America East,17,241,125,366,732,455,15,633,292,145,57.0,54,209,199,0.888,2023
352,37,bucknell,Patriot,13,147,91,238,541,321,24,387,227,149,40.0,58,162,146,0.823,2023
353,675,canisius,MAAC,15,155,72,227,554,323,20,462,251,83,48.0,51,206,193,0.844,2023
354,115,cleveland st,ASUN,13,150,85,235,466,296,17,370,234,76,47.0,34,168,165,0.867,2023
355,620,colgate,Patriot,11,122,62,184,422,243,10,336,185,91,51.0,33,132,135,0.827,2023
356,443,cornell,Ivy League,15,222,111,333,665,408,15,550,230,141,50.0,32,169,181,0.897,2023
357,114,dartmouth,Ivy League,12,140,77,217,478,282,16,396,249,109,56.0,35,173,129,0.826,2023
358,825,delaware,CAA,18,265,148,413,777,477,26,559,248,166,49.0,50,170,189,0.91,2023
359,578,denver,Big East,15,174,100,274,531,330,15,421,243,86,61.0,32,152,128,0.874,2023
360,137,detroit mercy,ASUN,13,112,50,162,486,261,15,341,202,102,37.0,57,204,184,0.836,2023
361,561,drexel,CAA,14,173,97,270,543,330,15,441,254,103,56.0,45,164,165,0.86,2023
362,850,duke,ACC,19,282,146,428,867,549,22,677,290,156,61.0,62,207,211,0.9,2023
363,88,fairfield,CAA,14,168,87,255,564,339,11,461,236,131,46.0,52,178,162,0.864,2023
364,224,georgetown,Big East,17,252,144,396,754,480,17,657,243,146,56.0,46,189,176,0.916,2023
365,462,hampton,CAA,14,104,52,156,416,246,15,424,331,136,46.0,49,235,171,0.755,2023
366,355,hartford,DI Independent,6,91,59,150,292,191,11,217,94,69,74.0,25,21,59,0.864,2023
367,531,harvard,Ivy League,12,150,88,238,553,324,20,427,182,126,45.0,27,161,136,0.891,2023
368,190,high point,Atlantic 10,17,240,150,390,788,455,16,595,300,168,55.0,68,222,178,0.85,2023
369,571,hobart,Atlantic 10,13,172,82,254,576,322,23,363,185,78,51.0,52,187,156,0.845,2023
370,678,hofstra,CAA,14,145,83,228,581,307,17,423,233,105,58.0,53,149,156,0.875,2023
371,14,holy cross,Patriot,14,123,64,187,463,277,11,401,281,86,43.0,52,221,216,0.792,2023
372,849,jacksonville,ASUN,16,231,135,366,733,466,12,569,261,191,54.0,51,164,195,0.877,2023
373,785,johns hopkins,Big Ten,18,226,134,360,687,439,15,575,288,135,50.0,45,199,209,0.882,2023
374,649,lafayette,Patriot,16,178,99,277,598,358,25,451,243,106,45.0,41,205,182,0.861,2023
375,943,lehigh,Patriot,15,206,132,338,603,396,24,560,282,145,64.0,72,173,178,0.824,2023
376,739,lindenwood,ASUN,12,113,51,164,452,257,16,380,240,111,44.0,34,176,161,0.737,2023
377,899,liu,MAAC,14,150,67,217,564,314,15,423,232,103,46.0,57,169,162,0.875,2023
378,527,loyola maryland,Patriot,17,185,116,301,654,393,19,536,252,167,41.0,44,199,225,0.872,2023
379,551,manhattan,MAAC,15,142,84,226,562,306,17,398,234,101,53.0,42,120,161,0.919,2023
380,720,marist,MAAC,18,242,132,374,742,450,24,594,270,140,49.0,71,230,212,0.842,2023
381,686,marquette,Big East,14,186,88,274,547,341,22,419,226,92,52.0,33,175,154,0.809,2023
382,98,maryland,Big Ten,16,196,119,315,669,399,17,550,249,124,60.0,41,175,168,0.93,2023
383,782,massachusetts,Atlantic 10,14,141,77,218,530,317,14,417,232,113,56.0,46,132,193,0.815,2023
384,71,mercer,ASUN,16,169,102,271,632,367,26,486,279,120,60.0,66,215,166,0.852,2023
385,128,merrimack,America East,14,147,81,228,492,293,16,418,257,125,41.0,61,157,183,0.866,2023
386,77,michigan,Big Ten,17,230,130,360,684,440,16,534,255,98,60.0,40,215,189,0.871,2023
387,53,monmouth,CAA,14,129,70,199,513,293,14,438,221,96,56.0,46,168,149,0.853,2023
388,291,mount st marys,MAAC,16,172,101,273,668,365,12,561,285,155,62.0,54,193,155,0.88,2023
389,257,navy,Patriot,16,164,100,264,727,385,10,521,255,115,58.0,28,167,180,0.868,2023
390,55,njit,America East,13,136,71,207,481,287,18,363,265,93,50.0,49,170,192,0.853,2023
391,591,north carolina,ACC,14,205,124,329,622,389,12,488,221,132,50.0,65,153,144,0.863,2023
392,555,notre dame,ACC,16,248,133,381,726,438,22,561,207,155,47.0,40,155,210,0.894,2023
393,889,ohio st,Big Ten,14,158,77,235,510,293,16,404,216,84,46.0,51,182,150,0.904,2023
394,176,penn,Ivy League,13,154,98,252,513,309,9,361,199,76,46.0,53,146,178,0.884,2023
395,285,penn st,Big Ten,16,216,129,345,630,393,24,513,270,116,46.0,50,176,227,0.862,2023
396,502,princeton,Ivy League,15,211,130,341,704,424,21,497,197,126,47.0,62,166,223,0.87,2023
397,358,providence,Big East,15,164,94,258,539,334,17,383,250,80,40.0,39,214,207,0.82,2023
398,461,queens ,ASUN,14,117,70,187,437,266,15,394,285,124,39.0,55,224,188,0.782,2023
399,477,quinnipiac,MAAC,14,183,112,295,602,351,28,404,224,75,54.0,74,203,181,0.84,2023
400,583,richmond,Atlantic 10,16,206,120,326,651,387,22,491,248,152,49.0,51,180,185,0.899,2023
401,45,robert morris,ASUN,16,186,118,304,631,381,22,527,274,118,54.0,73,188,207,0.864,2023
402,439,rutgers,Big Ten,14,173,90,263,641,382,12,451,167,117,53.0,40,151,155,0.892,2023
403,605,sacred heart,MAAC,15,155,85,240,515,296,9,386,265,85,46.0,39,176,200,0.818,2023
404,982,saint josephs,Atlantic 10,15,217,91,308,669,404,22,486,234,105,63.0,55,163,133,0.888,2023
405,107,siena,MAAC,16,179,109,288,700,397,22,502,217,160,45.0,50,179,181,0.918,2023
406,335,st bonaventure,Atlantic 10,14,108,56,164,469,273,7,371,249,93,47.0,62,219,174,0.748,2023
407,637,st johns ,Big East,14,130,71,201,520,270,13,347,266,128,27.0,36,216,204,0.849,2023
408,85,stony brook,CAA,16,209,111,320,691,396,19,507,239,105,48.0,81,184,198,0.853,2023
409,30,syracuse,ACC,15,215,130,345,640,398,39,419,186,127,42.0,66,182,215,0.89,2023
410,142,towson,CAA,15,179,105,284,635,340,12,508,262,131,55.0,44,157,167,0.891,2023
411,253,ualbany,America East,16,171,93,264,677,377,21,498,260,144,47.0,41,188,153,0.901,2023
412,912,umass lowell,America East,13,103,50,153,352,226,13,317,237,72,35.0,34,205,195,0.818,2023
413,399,umbc,America East,13,154,69,223,548,321,9,362,192,110,46.0,24,125,130,0.868,2023
414,574,utah,ASUN,17,274,144,418,901,519,14,633,240,141,55.0,53,214,208,0.909,2023
415,313,vermont,America East,14,157,98,255,585,360,12,441,241,116,61.0,49,144,165,0.875,2023
416,432,villanova,Big East,15,194,110,304,673,400,23,493,228,133,54.0,54,163,153,0.886,2023
417,978,virginia,ACC,17,293,195,488,769,489,22,674,258,150,55.0,66,206,222,0.908,2023
418,197,vmi,MAAC,15,155,83,238,583,329,15,434,258,115,50.0,42,200,209,0.866,2023
